sample_point_id,observation_date,garmin_waypoint_id,garmin_grid_ref,photo_up_id,photo_down_id,wetness_estimate,canopy_cover_estimate,species_identified
63,2019-06-20,1,TL6769933268,P6200001,P6200002,2.0,2,"['Filipendula ulmaria', 'Galium aparine', 'Arrhenatherum elatius', 'Poa trivialis', 'Carex acutiformis', 'Carduus crispus', 'Lotus pedunculatus', 'Mentha aquatica', 'Holcus lanatus', 'Geranium molle', 'Cirsium palustre', 'Angelica sylvestris', 'Lathyrus pratensis', 'Juncus inflexus', 'Primula elatior', 'Kindbergia praelonga']"
1,2019-06-20,2,TL6772733270,P6200003,P6200004,1.0,40,"['Arrhenatherum elatius', 'Holcus lanatus', 'Angelica sylvestris', 'Filipendula ulmaria', 'Galium aparine', 'Mentha aquatica', 'Cirsium palustre', 'Urtica dioica', 'Silene dioica', 'Ranunculus repens']"
16,2019-06-20,3,TL6769833299,P6200005,P6200006,2.0,40,"['Anisantha sterilis', 'Galium aparine', 'Carex acutiformis', 'Arrhenatherum elatius', 'Pulicaria dysenterica', 'Lotus pedunculatus', 'Filipendula ulmaria', 'Angelica sylvestris', 'Urtica dioica', 'Ranunculus repens', 'Galium sp.', 'Cirsium palustre', 'Rubus fruticosus agg.', 'Holcus lanatus', 'Jacobaea vulgaris', 'Plantago major', 'Prunella vulgaris', 'Poa trivialis', 'Myosotis sylvatica', 'Sonchus arvensis', 'Heracleum sphondylium', 'Tripleurospermum inodorum']"
62,2019-06-20,4,TL6766733264,P6200007,P6200008,1.0,10,"['Rumex obtusifolius', 'Cirsium arvense', 'Rubus fruticosus agg.', 'Urtica dioica', 'Holcus lanatus', 'Arrhenatherum elatius', 'Mercurialis perennis', 'Glechoma hederacea', 'Veronica chamaedrys', 'Myosotis arvensis', 'Poa pratensis', 'Dactylis glomerata', 'Persicaria maculosa']"
45,2019-06-20,5,TL6769433238,P6200009,P6200010,1.0,95,"['Urtica dioica', 'Glechoma hederacea', 'Mercurialis perennis', 'Galium aparine', 'Brachythecium rutabulum', 'Sambucus nigra', 'Hedera helix', 'Adoxa moschatellina', 'Silene dioica', 'Alnus cordata', 'Anthriscus sylvestris']"
51,2019-06-20,6,TL6773633238,P6200011,P6200012,1.0,75,"['Urtica dioica', 'Galium aparine', 'Glechoma hederacea', 'Brachythecium rutabulum', 'Adoxa moschatellina', 'Mercurialis perennis', 'Silene dioica', 'Sambucus nigra', 'Myosotis sylvatica', 'Populus alba']"
53,2019-06-20,7,TL6776033240,P6200013,P6200014,1.0,65,"['Urtica dioica', 'Stachys sylvatica', 'Glechoma hederacea', 'Brachythecium rutabulum', 'Anemone nemorosa', 'Sambucus nigra', 'Galium aparine', 'Kindbergia praelonga', 'Populus alba']"
37,2019-06-20,8,TL6781933210,P6200015,P6200016,1.0,50,"['Urtica dioica', 'Galium aparine', 'Cirsium arvense', 'Ulmus procera agg.', 'Silene dioica', 'Poa trivialis', 'Plantago major']"
36,2019-06-20,9,TL6779133211,P6200017,P6200018,1.0,85,"['Galium aparine', 'Urtica dioica', 'Glechoma hederacea', 'Mercurialis perennis', 'Kindbergia praelonga', 'Brachythecium rutabulum']"
39,2019-06-20,10,TL6775733202,P6200019,P6200020,1.0,95,"['Urtica dioica', 'Silene dioica', 'Poa trivialis', 'Mercurialis perennis', 'Galium aparine', 'Myosotis sylvatica', 'Brachythecium rutabulum', 'Adoxa moschatellina']"
38,2019-06-20,11,TL67773433205,P6200021,P6200022,1.0,90,"['Urtica dioica', 'Galium aparine', 'Tilia cordata', 'Mercurialis perennis', 'Salix sp.', 'Stachys sylvatica', 'Glechoma hederacea', 'Brachythecium rutabulum']"
33,2019-06-20,12,TL6770833216,P6200023,P6200024,1.0,50,"['Dactylis glomerata', 'Cirsium arvense', 'Urtica dioica', 'Galium aparine', 'Rumex obtusifolius', 'Anisantha sterilis', 'Bromus hordeaceus', 'Arrhenatherum elatius', 'Lapsana communis', 'Sisymbrium officinale', 'Poa trivialis', 'Mercurialis perennis', 'Silene dioica', 'Corylus avellana']"
23,2019-06-20,13,TL6772933181,P6200025,P6200026,1.0,65,"['Urtica dioica', 'Galium aparine', 'Crataegus monogyna', 'Rumex sanguineus', 'Glechoma hederacea', 'Cirsium vulgare', 'Ulmus procera agg.', 'Poa trivialis', 'Sisymbrium officinale', 'Holcus lanatus', 'Dactylis glomerata', 'Mercurialis perennis', 'Taraxacum officinale agg.', 'Tripleurospermum inodorum', 'Veronica persica', 'Lapsana communis', 'Bromus hordeaceus', 'Rumex obtusifolius', 'Anisantha sterilis']"
6,2019-06-20,14,TL6775833149,P6200027,P6200028,1.0,20,"['Urtica dioica', 'Galium aparine', 'Poa trivialis', 'Cirsium arvense', 'Arrhenatherum elatius', 'Dactylis glomerata', 'Anisantha sterilis', 'Bromus hordeaceus', 'Mercurialis perennis', 'Arctium minus', 'Kindbergia praelonga', 'Cirsium vulgare', 'Rumex obtusifolius', 'Viola arvensis', 'Lamium album', 'Veronica persica', 'Veronica chamaedrys', 'Poa annua', 'Myosotis arvensis']"
24,2019-06-20,15,TL6775733177,P6200029,P6200030,1.0,5,"['Rubus fruticosus agg.', 'Urtica dioica', 'Galium aparine', 'Rumex sanguineus', 'Myosotis sylvatica', 'Carduus crispus', 'Glechoma hederacea', 'Silene dioica', 'Prunus spinosa', 'Holcus lanatus', 'Poa trivialis', 'Carex pendula', 'Kindbergia praelonga', 'Sambucus nigra', 'Cirsium vulgare']"
21,2019-06-20,16,TL6778933174,P6200031,P6200032,1.0,5,"['Urtica dioica', 'Myosotis sylvatica', 'Juncus inflexus', 'Carduus crispus', 'Sambucus nigra', 'Rumex sanguineus', 'Glechoma hederacea', 'Galium aparine', 'Mentha aquatica', 'Holcus lanatus', 'Poa trivialis', 'Silene dioica', 'Eupatorium cannabinum', 'Mercurialis perennis', 'Rubus fruticosus agg.']"
22,2019-06-20,17,TL6781833177,P6200033,P6200034,1.0,85,"['Urtica dioica', 'Mercurialis perennis', 'Galium aparine', 'Glechoma hederacea', 'Sambucus nigra', 'Silene dioica', 'Kindbergia praelonga', 'Circaea lutetiana', 'Brachythecium rutabulum', 'Acer campestre']"
25,2019-06-20,18,TL6785133176,P6200035,P6200036,1.0,65,"['Urtica dioica', 'Glechoma hederacea', 'Brachythecium rutabulum', 'Mercurialis perennis', 'Kindbergia praelonga', 'Galium aparine', 'Sambucus nigra']"
8,2019-06-20,19,TL6784733148,P6200037,P6200038,1.0,85,"['Eupatorium cannabinum', 'Galium aparine', 'Urtica dioica', 'Silene dioica', 'Glechoma hederacea', 'Mentha aquatica', 'Poa trivialis', 'Filipendula ulmaria', 'Myosotis sylvatica', 'Brachythecium rutabulum', 'Kindbergia praelonga', 'Ranunculus repens']"
9,2019-06-20,20,TL6787633150,P6200039,P6200040,1.0,98,"['Silene dioica', 'Glechoma hederacea', 'Poa trivialis', 'Mercurialis perennis', 'Galium aparine', 'Veronica montana', 'Bromopsis ramosa', 'Ranunculus repens', 'Myosotis sylvatica']"
55,2019-06-21,21,TL6809033033,P6210001,P6210002,1.0,30,"['Viola arvensis', 'Convolvulus arvensis', 'Triticum aestivum', 'Hordeum distichon', 'Avena sativa', 'Tripleurospermum inodorum', 'Plantago major', 'Holcus lanatus', 'Sonchus arvensis', 'Chenopodium album', 'Ranunculus repens', 'Sisymbrium officinale', 'Bromus hordeaceus', 'Digitalis purpurea', 'Polygonum aviculare', 'Senecio vulgaris', 'Lamium album']"
5,2019-06-21,22,TL6808733060,P6210003,P6210004,1.0,90,"['Mercurialis perennis', 'Urtica dioica', 'Galium aparine', 'Galium verum', 'Glechoma hederacea', 'Adoxa moschatellina', 'Brachythecium rutabulum', 'Kindbergia praelonga', 'Salix sp.', 'Poa trivialis', 'Silene dioica']"
31,2019-06-21,23,TL6802433060,P6210005,P6210006,1.0,85,"['Stachys sylvatica', 'Galium aparine', 'Glechoma hederacea', 'Rubus fruticosus agg.', 'Poa trivialis', 'Arrhenatherum elatius', 'Heracleum sphondylium', 'Rumex sanguineus', 'Anisantha sterilis', 'Filipendula ulmaria', 'Brachypodium sylvaticum', 'Rubus caesius', 'Holcus lanatus', 'Dactylis glomerata']"
32,2019-06-21,24,TL6805533056,P6210007,P6210008,1.0,80,"['Urtica dioica', 'Rubus fruticosus agg.', 'Silene dioica', 'Myosotis sylvatica', 'Stachys sylvatica', 'Anisantha sterilis', 'Glechoma hederacea', 'Adoxa moschatellina', 'Ulmus procera agg.', 'Kindbergia praelonga', 'Bromopsis ramosa', 'Brachythecium rutabulum', 'Carduus crispus']"
47,2019-06-21,25,TL6822833091,P6210009,P6210010,1.0,45,"['Urtica dioica', 'Galium aparine', 'Mercurialis perennis', 'Glechoma hederacea', 'Holcus lanatus', 'Ranunculus repens', 'Lamium album']"
50,2019-06-21,26,TL6799933086,P6210011,P6210012,1.0,75,"['Mercurialis perennis', 'Tamus communis', 'Stachys sylvatica', 'Glechoma hederacea', 'Geum urbanum', 'Silene dioica', 'Galium aparine', 'Brachypodium sylvaticum', 'Ranunculus repens', 'Myosotis sylvatica', 'Poa trivialis', 'Brachythecium rutabulum', 'Holcus lanatus', 'Sambucus nigra', 'Cirsium palustre', 'S. x uplandicum']"
35,2019-06-21,27,TL6799733054,P6210013,P6210014,3.0,65,"['Urtica dioica', 'Silene dioica', 'Galium aparine', 'Mercurialis perennis', 'Glechoma hederacea', 'Brachythecium rutabulum', 'Rubus fruticosus agg.', 'Geranium robertianum', 'Kindbergia praelonga', 'Myosotis sylvatica', 'Mnium hornum', 'Schedonorus arundinaceus', 'Poa trivialis', 'Geum urbanum', 'Carex pendula', 'Angelica sylvestris', 'Rubus caesius']"
49,2019-06-21,28,TL6797333081,P6210015,P6210016,1.0,10,"['Glechoma hederacea', 'Galium aparine', 'Mercurialis perennis', 'S. x uplandicum', 'Arrhenatherum elatius', 'Dactylis glomerata', 'Holcus lanatus', 'Angelica sylvestris', 'Stachys sylvatica', 'Sambucus nigra', 'Anthriscus sylvestris', 'Poa trivialis', 'Bromopsis ramosa', 'Brachythecium rutabulum', 'Adoxa moschatellina', 'Kindbergia praelonga']"
34,2019-06-21,29,TL6796033059,P6210017,P6210018,5.0,65,"['Urtica dioica', 'Galium aparine', 'Ranunculus repens', 'Humulus lupulus', 'Geranium robertianum', 'Iris pseudacorus', 'Silene dioica', 'Rubus fruticosus agg.', 'S. x uplandicum']"
11,2019-06-21,30,TL6794033032,P6210019,P6210020,1.0,95,"['Urtica dioica', 'Mercurialis perennis', 'Rumex sanguineus', 'Carex pendula', 'Poa trivialis', 'Galium aparine', 'Adoxa moschatellina', 'Glechoma hederacea', 'Kindbergia praelonga', 'Salix sp.', 'Prunus spinosa']"
28,2019-06-21,31,TL6793333057,P6210021,P6210022,3.0,5,"['Juncus effusus', 'Juncus inflexus', 'Filipendula ulmaria', 'Carex pendula', 'Angelica sylvestris', 'Epilobium hirsutum', 'Carduus crispus', 'Cirsium palustre', 'Scrophularia auriculata', 'Solanum dulcamara', 'Mentha aquatica', 'Poa trivialis', 'Urtica dioica', 'Galium aparine', 'Myosotis sylvatica', 'Hypericum tetrapterum', 'Mercurialis perennis', 'Dryopteris filix-mas', 'Glechoma hederacea', 'Kindbergia praelonga', 'Cardamine flexuosa', 'Holcus lanatus']"
42,2019-06-21,32,TL6793633088,P6210023,P6210024,5.0,85,"['Helosciadium nodiflorum', 'Solanum dulcamara', 'Urtica dioica', 'Sambucus nigra', 'Poa trivialis']"
57,2019-06-21,33,TL6794233116,P6210025,P6210026,1.0,90,"['Urtica dioica', 'Mercurialis perennis', 'Sambucus nigra', 'Galium aparine', 'Kindbergia praelonga', 'Brachythecium rutabulum', 'Silene dioica']"
7,2019-06-21,34,TL6790833144,P6210027,P6210028,1.0,75,"['Urtica dioica', 'Mercurialis perennis', 'Galium aparine', 'Glechoma hederacea', 'Kindbergia praelonga', 'Brachythecium rutabulum', 'Ulmus procera agg.', 'Sambucus nigra']"
56,2019-06-21,35,TL6791233118,P6210029,P6210030,1.0,75,"['Mercurialis perennis', 'Galium aparine', 'Silene dioica', 'Poa trivialis', 'Brachythecium rutabulum']"
41,2019-06-21,36,TL6791033090,P6210031,P6210032,3.0,2,"['Urtica dioica', 'Carex pendula', 'Solanum dulcamara', 'Carduus crispus', 'Rumex sanguineus', 'Silene dioica', 'Myosotis sylvatica', 'Mnium hornum', 'Poa trivialis', 'Mentha aquatica', 'Cornus sanguinea', 'Mercurialis perennis', 'Kindbergia praelonga', 'Crataegus monogyna']"
59,2019-06-21,37,TL6787333120,P6210033,P6210034,1.0,35,"['Urtica dioica', 'Silene dioica', 'Galium aparine', 'Glechoma hederacea', 'Myosotis sylvatica', 'Mercurialis perennis', 'Ranunculus repens', 'Angelica sylvestris', 'Poa trivialis', 'Kindbergia praelonga', 'Fraxinus excelsior']"
46,2019-06-21,38,TL6787933087,P6210035,P6210036,1.0,55,"['Silene dioica', 'Galium aparine', 'Stachys sylvatica', 'Angelica sylvestris', 'Urtica dioica', 'Poa trivialis', 'Glechoma hederacea', 'Ranunculus repens', 'Filipendula ulmaria', 'Cirsium palustre', 'Rubus caesius', 'Myosotis sylvatica', 'Brachythecium rutabulum']"
30,2019-06-21,39,TL6788033065,P6210037,P6210038,1.0,0,"['Urtica dioica', 'Rubus fruticosus agg.', 'Galium aparine', 'Cirsium arvense', 'Angelica sylvestris', 'Solanum dulcamara', 'Epilobium hirsutum', 'Acer campestre', 'Kindbergia praelonga', 'Silene dioica', 'Quercus robur']"
27,2019-06-21,40,TL6790933060,P6210039,P6210040,1.0,95,"['Cardamine flexuosa', 'Silene dioica', 'Galium aparine', 'Mercurialis perennis', 'Adoxa moschatellina', 'Arum maculatum', 'Sambucus nigra', 'Glechoma hederacea', 'Kindbergia praelonga', 'Ulmus procera agg.']"
10,2019-06-21,41,TL6790933031,P6210041,P6210042,3.0,0,"['Filipendula ulmaria', 'Cirsium arvense', 'Juncus inflexus', 'Calystegia sepium', 'Angelica sylvestris', 'Hypericum tetrapterum', 'Lathyrus pratensis', 'Poa trivialis', 'Urtica dioica', 'Rubus fruticosus agg.', 'Cardamine flexuosa', 'Equisetum arvense', 'Silene dioica', 'Brachythecium rutabulum', 'Rumex sanguineus', 'Epilobium hirsutum', 'Carex pendula']"
60,2019-06-21,42,TL6790732999,P6210043,P6210044,1.0,0,"['Triticum aestivum', 'Tripleurospermum inodorum', 'Anisantha sterilis']"
61,2019-06-21,43,TL6794133002,P6210045,P6210046,1.0,0,"['Triticum aestivum', 'Tripleurospermum inodorum', 'Chenopodium album', 'Papaver rhoeas', 'Viola arvensis', 'Veronica persica', 'Poa annua', 'Poa trivialis']"
44,2019-06-21,44,TL6784733086,P6210047,P6210048,1.0,2,"['Mercurialis perennis', 'Carex pendula', 'Urtica dioica', 'Epilobium hirsutum', 'Silene dioica', 'Carduus crispus', 'Acer campestre', 'Rubus fruticosus agg.', 'Galium aparine', 'Sambucus nigra', 'Kindbergia praelonga', 'Ulmus procera agg.', 'Glechoma hederacea']"
58,2019-06-21,45,TL6784433102,P6210049,P6210050,1.0,0,"['Carex acutiformis', 'Arrhenatherum elatius', 'Carduus crispus', 'Myosotis sylvatica', 'Silene dioica', 'Galium aparine', 'Calystegia sepium', 'Urtica dioica', 'Glechoma hederacea', 'Angelica sylvestris', 'Mercurialis perennis', 'Bromopsis ramosa']"
54,2019-06-21,46,TL6782133106,P6210051,P6210052,1.0,65,"['Rubus fruticosus agg.', 'Urtica dioica', 'Galium aparine', 'Mercurialis perennis', 'Glechoma hederacea', 'Poa trivialis', 'Arrhenatherum elatius', 'Sambucus nigra', 'Heracleum sphondylium', 'Brachythecium rutabulum']"
4,2019-06-21,47,TL6781733143,P6210053,P6210054,2.0,0,"['Cirsium arvense', 'Silene dioica', 'Galium aparine', 'Carex acutiformis', 'Urtica dioica', 'Calystegia sepium', 'Eupatorium cannabinum', 'Ulmus procera agg.', 'Filipendula ulmaria', 'Myosotis sylvatica']"
3,2019-06-21,48,TL6778533149,P6210055,P6210056,1.0,15,"['Holcus lanatus', 'Silene dioica', 'Crataegus monogyna', 'Glechoma hederacea', 'Mercurialis perennis', 'Ulmus procera agg.', 'Galium aparine', 'Myosotis sylvatica', 'Cirsium arvense', 'Vicia sativa', 'Rubus fruticosus agg.', 'Arrhenatherum elatius', 'Brachythecium rutabulum', 'Bromopsis ramosa', 'Poa trivialis', 'Stachys sylvatica', 'Achillea millefolium']"
49,2020-06-19,1,TL6796933091,P6190001,P6190002,2.0,95,"['Urtica dioica', 'Galium aparine', 'Adoxa moschatellina', 'Silene dioica', 'Glechoma hederacea', 'Heracleum sphondylium', 'S. x uplandicum', 'Angelica sylvestris', 'Brachythecium rutabulum', 'Circaea lutetiana', 'Hedera helix', 'Sambucus nigra', 'Tilia cordata', 'Poa trivialis', 'Viola odorata']"
50,2020-06-19,2,TL6800633080,P6190003,P6190004,2.0,15,"['Angelica sylvestris', 'Circaea lutetiana', 'Sambucus nigra', 'Galium aparine', 'Glechoma hederacea', 'Carduus crispus', 'Urtica dioica', 'Silene dioica', 'Myosotis sylvatica', 'Rubus caesius', 'Arrhenatherum elatius', 'Tamus communis', 'Mercurialis perennis', 'Geranium robertianum', 'Heracleum sphondylium', 'Rubus fruticosus agg.', 'Stachys sylvatica', 'Scrophularia auriculata', 'S. x uplandicum', 'P. x canadensis']"
47,2020-06-19,3,TL6803333085,P6190005,P6190006,1.0,85,"['Glechoma hederacea', 'Mercurialis perennis', 'Galium aparine', 'Urtica dioica', 'Sambucus nigra', 'Crataegus monogyna', 'Silene dioica', 'Tamus communis', 'Kindbergia praelonga', 'Brachythecium rutabulum']"
31,2020-06-19,4,TL6803133061,P6190007,P6190008,2.0,5,"['Rumex sanguineus', 'Juncus effusus', 'Urtica dioica', 'Galium aparine', 'Mercurialis perennis', 'Rubus caesius', 'Glechoma hederacea', 'Silene dioica', 'Poa trivialis', 'Holcus lanatus', 'Scrophularia auriculata', 'Anisantha sterilis', 'Carex pendula', 'Salix aurita', 'Sonchus asper', 'Epilobium hirsutum', 'Stachys sylvatica', 'Filipendula ulmaria', 'Arrhenatherum elatius', 'Myosotis sylvatica']"
32,2020-06-19,5,TL6805733050,P6190009,P6190010,2.0,55,"['Ranunculus repens', 'Poa trivialis', 'Juncus inflexus', 'Holcus lanatus', 'Ulmus procera agg.', 'Filipendula ulmaria', 'Agrostis stolonifera', 'Rubus caesius', 'Plantago major', 'Carex otrubae', 'Carex pendula', 'Helosciadium nodiflorum', 'Rumex sanguineus', 'Lolium perenne', 'Ervum tetraspermum', 'Agrostis capillaris', 'Schedonorus giganteus', 'Dactylis glomerata', 'Salix alba', 'Hypericum tetrapterum', 'Glechoma hederacea', 'Galium aparine', 'Sonchus asper', 'Carduus crispus']"
5,2020-06-19,6,TL6808533052,P6190011,P6190012,2.0,35,"['Urtica dioica', 'Rubus fruticosus agg.', 'Silene dioica', 'Galium aparine', 'Holcus lanatus', 'Glechoma hederacea', 'Mercurialis perennis', 'Poa trivialis', 'Ranunculus repens', 'Myosotis sylvatica']"
55,2020-06-19,7,TL6808733032,P6190013,P6190014,4.0,0,"['Triticum aestivum', 'Sonchus asper', 'Geranium dissectum', 'Bromus hordeaceus', 'Holcus lanatus', 'Poa trivialis', 'Rumex obtusifolius', 'Cirsium palustre', 'Urtica dioica', 'Picris hieracioides', 'Anthriscus sylvestris', 'Plantago major', 'Arrhenatherum elatius', 'Taraxacum officinale agg.', 'Polygonum aviculare', 'Anisantha sterilis', 'Vulpia myuros', 'Alopecurus myosuroides', 'Poa annua', 'Tripleurospermum inodorum', 'Cirsium arvense', 'Salix sp.', 'Heracleum sphondylium', 'Reseda luteola']"
34,2020-06-19,8,TL6796733065,P6190015,P6190016,2.0,20,"['S. x uplandicum', 'Galium aparine', 'Urtica dioica', 'Carex pendula', 'Rubus fruticosus agg.', 'Silene dioica', 'Poa trivialis', 'Rumex sanguineus', 'Corylus avellana', 'Salix cinerea', 'Mercurialis perennis', 'Brachythecium rutabulum']"
35,2020-06-19,9,TL6799733064,P6190017,P6190018,3.0,60,"['Rubus caesius', 'Urtica dioica', 'Silene dioica', 'Epilobium hirsutum', 'Myosotis sylvatica', 'Rubus fruticosus agg.', 'Galium aparine', 'Mercurialis perennis', 'Salix cinerea subsp. cinerea', 'Heracleum sphondylium', 'Brachythecium rutabulum', 'Plagiomnium undulatum', 'Kindbergia praelonga', 'Stachys sylvatica', 'Geranium robertianum', 'Adoxa moschatellina', 'Glechoma hederacea']"
42,2020-06-20,1,TL0793733099,P6200002,P6200003,5.0,65,['']
57,2020-06-20,2,TL6794133122,P6200004,P6200005,1.0,85,"['Corylus avellana', 'Glechoma hederacea', 'Mercurialis perennis', 'Urtica dioica', 'Galium aparine', 'Brachythecium rutabulum', 'Silene dioica', 'Poa trivialis']"
56,2020-06-20,3,TL6791833117,P6200006,P6200007,2.0,95,"['Mercurialis perennis', 'Urtica dioica', 'Silene dioica', 'Brachythecium rutabulum', 'Tilia sp.', 'Fraxinus excelsior']"
7,2020-06-20,4,TL6790733140,P6200008,P6200009,1.0,90,"['Mercurialis perennis', 'Glechoma hederacea', 'Kindbergia praelonga', 'Malus sylvestris', 'Ulmus procera agg.']"
9,2020-06-20,5,TL6788333147,P6200010,P6200011,1.0,85,"['Mercurialis perennis', 'Urtica dioica', 'Glechoma hederacea', 'Ulmus procera agg.', 'Galium aparine', 'Sambucus nigra', 'Silene dioica', 'Brachythecium rutabulum']"
59,2020-06-20,6,TL6787533112,P6200012,P6200013,2.0,15,"['Angelica sylvestris', 'Filipendula ulmaria', 'Stachys sylvatica', 'Eupatorium cannabinum', 'Galium aparine', 'Solanum dulcamara', 'Silene dioica', 'Carex pendula', 'Carduus crispus', 'Bromopsis ramosa', 'Helosciadium nodiflorum', 'Mercurialis perennis', 'Myosotis sylvatica', 'Poa trivialis']"
58,2020-06-20,7,TL6784433120,P6200014,P6200015,2.0,65,"['Eupatorium cannabinum', 'Angelica sylvestris', 'Carex acutiformis', 'Galium aparine', 'Urtica dioica', 'Silene dioica', 'Mercurialis perennis', 'Calystegia sepium', 'Rubus fruticosus agg.', 'Carduus crispus', 'Solanum dulcamara', 'Salix cinerea subsp. cinerea']"
8,2020-06-20,8,TL6784533142,P6200017,P6200018,1.0,85,"['Carduus crispus', 'Eupatorium cannabinum', 'Glechoma hederacea', 'Arctium minus', 'Galium aparine', 'Silene dioica', 'Urtica dioica', 'Myosotis sylvatica', 'Poa trivialis', 'Fraxinus excelsior', 'Filipendula ulmaria']"
25,2020-06-20,9,TL6784933176,P6200001,P6200002,1.0,10,"['Urtica dioica', 'Mercurialis perennis', 'Galium aparine', 'Brachythecium rutabulum', 'Sambucus nigra']"
22,2020-06-20,10,TL6781633180,P6200021,P6200022,1.0,90,"['Urtica dioica', 'Mercurialis perennis', 'Glechoma hederacea', 'Myosotis sylvatica', 'Sambucus nigra', 'Ulmus procera agg.', 'Acer campestre']"
36,2020-06-20,11,TL6779233209,P6200023,P6200024,1.0,90,"['Urtica dioica', 'Mercurialis perennis', 'Glechoma hederacea', 'Galium aparine', 'Brachythecium rutabulum', 'Sambucus nigra', 'Silene dioica']"
39,2020-06-20,12,TL6776033210,P6200025,P6200026,2.0,55,"['Urtica dioica', 'Galium aparine', 'Silene dioica', 'Tilia cordata', 'Glechoma hederacea', 'Mercurialis perennis', 'Adoxa moschatellina', 'Myosotis sylvatica', 'Poa trivialis']"
21,2020-06-20,13,TL6779233178,P6200030,P6200031,2.0,55,"['Mercurialis perennis', 'Glechoma hederacea', 'Galium aparine', 'Geum urbanum', 'Myosotis sylvatica', 'Brachypodium sylvaticum', 'Ranunculus repens', 'Poa trivialis', 'Fraxinus excelsior']"
53,2020-06-20,15,TL6775533246,P6200034,P6200035,1.0,80,"['Urtica dioica', 'Sambucus nigra', 'Glechoma hederacea', 'Ulmus procera agg.', 'Galium aparine', 'Brachythecium rutabulum']"
1,2020-06-20,16,TL6772633268,P6200036,P6200037,2.0,15,"['Arrhenatherum elatius', 'Filipendula ulmaria', 'Galium aparine', 'Mentha aquatica', 'Silene dioica', 'Carduus crispus', 'Heracleum sphondylium', 'Geranium dissectum', 'Carex acutiformis', 'Rubus fruticosus agg.', 'Lathyrus pratensis', 'Poa trivialis']"
63,2020-06-20,17,TL6769733268,P6200038,P6200039,2.0,0,"['Filipendula ulmaria', 'Galium aparine', 'Arrhenatherum elatius', 'Poa trivialis', 'Carex acutiformis', 'Alopecurus pratensis', 'Lotus pedunculatus', 'Lathyrus pratensis', 'Cirsium palustre']"
16,2020-06-20,18,TL6769833299,P6200040,P6200041,2.0,5,"['Silene dioica', 'Mentha aquatica', 'Cirsium palustre', 'Holcus lanatus', 'Carduus crispus', 'Cirsium vulgare', 'Galium aparine', 'Epilobium hirsutum', 'Filipendula ulmaria', 'Hypericum tetrapterum', 'Ranunculus repens', 'Carex acutiformis', 'Plantago major', 'Juncus inflexus', 'Galium sp.', 'Geranium dissectum', 'Myosotis laxa', 'Vicia cracca']"
62,2020-06-20,19,TL6767133275,P6200042,P6200043,1.0,0,"['Cirsium vulgare', 'Cirsium palustre', 'Carduus crispus', 'Holcus lanatus', 'Ranunculus repens', 'Glechoma hederacea', 'Cirsium arvense', 'Rumex sanguineus', 'Trifolium repens', 'Epilobium hirsutum', 'Poa trivialis', 'Mercurialis perennis', 'Cerastium fontanum', 'Rubus fruticosus agg.', 'Galium aparine', 'Dactylis glomerata']"
45,2020-06-20,20,TL6770133240,P6200044,P6200045,1.0,85,"['Mercurialis perennis', 'Glechoma hederacea', 'Stachys sylvatica', 'Galium aparine', 'Silene dioica', 'Mentha aquatica', 'Anthriscus sylvestris', 'Geum urbanum', 'Rumex sanguineus', 'Solanum dulcamara', 'Ranunculus repens', 'Poa trivialis', 'Sambucus nigra']"
4,2020-06-20,21,TL6781433147,P6200046,P6200047,3.0,10,"['Filipendula ulmaria', 'Nasturtium officinale', 'Carex acutiformis', 'Galium aparine', 'Mentha aquatica', 'Silene dioica', 'Eupatorium cannabinum', 'Calystegia sepium', 'Carduus crispus', 'Myosotis sylvatica', 'Mercurialis perennis']"
28,2020-06-20,22,TL6794133061,P6200048,P6200049,4.0,10,"['Juncus inflexus', 'Cirsium palustre', 'Holcus lanatus', 'Rubus fruticosus agg.', 'Prunus spinosa', 'Juncus inflexus', 'Cardamine flexuosa', 'Filipendula ulmaria', 'Urtica dioica', 'Epilobium hirsutum', 'Scrophularia auriculata', 'Fraxinus excelsior', 'Mentha aquatica', 'Solanum dulcamara', 'Rosa sp.']"
27,2020-06-20,23,TL6790633051,P6200051,P6200052,2.0,95,"['Urtica dioica', 'Mercurialis perennis', 'Glechoma hederacea', 'Ulmus procera agg.', 'Silene dioica', 'Poa trivialis', 'Adoxa moschatellina', 'Sambucus nigra', 'Galium aparine', 'Crataegus monogyna']"
10,2020-06-20,24,TL6790033023,P6200053,P6200054,2.0,2,"['Rubus fruticosus agg.', 'Prunus spinosa', 'Cornus sanguinea', 'Sambucus nigra', 'Carduus crispus', 'Salix cinerea subsp. cinerea', 'Rosa canina agg.']"
60,2020-06-20,25,TL6790333003,P6200055,P6200056,1.0,0,"['Holcus lanatus', 'Tripleurospermum inodorum', 'Triticum aestivum', 'Bromus hordeaceus', 'Sonchus asper', 'Urtica dioica', 'Elymus caninus', 'Polypogon viridis', 'Chenopodium album', 'Arrhenatherum elatius', 'Sisymbrium officinale', 'Myosotis arvensis', 'Anisantha sterilis', 'Dactylis glomerata', 'Bryum rubens', 'Encalyptra vulgaris', 'Ephemerum minutissimum']"
61,2020-06-20,26,TL6793832992,P6200057,P6200058,1.0,0,"['Carduus crispus', 'Sonchus asper', 'Poa annua', 'Triticum aestivum', 'Bromus hordeaceus', 'Tripleurospermum inodorum', 'Vulpia myuros', 'Agrostis stolonifera', 'Lactuca serriola', 'Poa trivialis', 'Epilobium sp.', 'Anisantha sterilis', 'Encalyptra vulgaris', 'Ephemerum minutissimum', 'Bryum rubens']"
11,2020-06-20,27,TL6793933025,P6200059,P6200060,2.0,45,"['Stachys sylvatica', 'Carduus crispus', 'Carex pendula', 'Holcus lanatus', 'Silene dioica', 'Urtica dioica', 'Scrophularia auriculata', 'Lapsana communis', 'Adoxa moschatellina', 'S. x uplandicum', 'Rumex sanguineus', 'Galium aparine', 'Mercurialis perennis', 'Sambucus nigra', 'Rubus fruticosus agg.', 'Poa trivialis', 'Barbarea vulgaris', 'Bromopsis ramosa']"
30,2020-06-20,28,TL6787833058,P6200061,P6200062,1.0,65,"['Urtica dioica', 'Galium aparine', 'Glechoma hederacea', 'Silene dioica', 'Rubus fruticosus agg.', 'Sambucus nigra', 'Acer campestre', 'Carduus crispus', 'Poa trivialis']"
46,2020-06-20,29,TL6787733087,P6200063,P6200064,2.0,75,"['Urtica dioica', 'Galium aparine', 'Glechoma hederacea', 'Mercurialis perennis', 'Silene dioica', 'Poa trivialis', 'Sambucus nigra', 'Tilia cordata', 'Brachythecium rutabulum']"
41,2020-06-20,30,TL6791033089,P6200065,P6200066,2.0,80,"['Urtica dioica', 'Myosotis sylvatica', 'Silene dioica', 'Sambucus nigra', 'Ranunculus repens', 'Crataegus monogyna', 'Mercurialis perennis', 'Ulmus procera agg.', 'Poa trivialis', 'Rumex sanguineus', 'Glechoma hederacea', 'Adoxa moschatellina', 'Carex pendula']"
44,2020-06-20,31,TL6784733090,P6200067,P6200068,2.0,30,"['Urtica dioica', 'Galium aparine', 'Silene dioica', 'Mercurialis perennis', 'Rubus fruticosus agg.', 'Carex pendula', 'Ulmus procera agg.']"
54,2020-06-20,32,TL6781933121,P6200069,P6200070,2.0,98,"['Tilia cordata', 'Mercurialis perennis', 'Urtica dioica', 'Galium aparine', 'Poa trivialis', 'Myosotis sylvatica', 'Silene dioica', 'Adoxa moschatellina', 'Heracleum sphondylium', 'Brachythecium rutabulum']"
3,2020-06-20,33,TL6778633143,P6200071,P6200072,2.0,0,"['Urtica dioica', 'Galium aparine', 'Rubus fruticosus agg.', 'Stachys sylvatica', 'Filipendula ulmaria', 'Epilobium hirsutum', 'Cirsium arvense', 'Carduus crispus', 'Mercurialis perennis', 'Myosotis sylvatica', 'Sambucus nigra', 'Silene dioica', 'Juncus inflexus']"
24,2020-06-20,34,TL6775033174,P6200073,P6200074,1.0,0,"['Rubus fruticosus agg.', 'Carex pendula', 'Silene dioica', 'Mercurialis perennis', 'Glechoma hederacea', 'Cirsium vulgare', 'Carduus crispus', 'Myosotis sylvatica', 'Poa trivialis', 'Arrhenatherum elatius', 'Dactylis glomerata', 'Anisantha sterilis', 'Urtica dioica']"
37,2020-06-20,35,TL6781433215,P6200075,P6200076,1.0,0,"['Ulmus procera agg.', 'Anisantha sterilis', 'Galium aparine', 'Mercurialis perennis', 'Urtica dioica', 'Rumex sanguineus', 'Carduus crispus', 'Rumex obtusifolius', 'Poa trivialis', 'Cirsium vulgare']"
51,2020-06-21,1,TL6773233235,P6210001,P6210002,2.0,25,"['Mentha aquatica', 'Holcus lanatus', 'Glechoma hederacea', 'Urtica dioica', 'Galium aparine', 'Myosotis sylvatica', 'Silene dioica', 'Angelica sylvestris', 'Arrhenatherum elatius', 'Rumex sanguineus', 'Ranunculus repens', 'Bromopsis ramosa', 'Stachys sylvatica', 'Populus alba', 'Rubus fruticosus agg.', 'Plagiomnium undulatum']"
33,2020-06-21,2,TL6770433209,P6210003,P6210004,1.0,85,"['Tamus communis', 'Sambucus nigra', 'Carduus crispus', 'Urtica dioica', 'Mercurialis perennis', 'Galium aparine', 'Glechoma hederacea', 'Ribes rubrum', 'Crataegus monogyna', 'Silene dioica', 'Poa trivialis', 'Anisantha sterilis', 'Anthriscus sylvestris']"
38,2020-06-21,3,TL6773033205,P6210005,P6210006,1.0,90,"['Mercurialis perennis', 'Poa trivialis', 'Galium aparine', 'Ulmus procera agg.', 'T. x europaea', 'Myosotis sylvatica', 'Fissidens taxifolius var. taxifolius']"
23,2020-06-21,4,TL6773233177,P6210007,P6210008,1.0,5,"['Cirsium vulgare', 'Dactylis glomerata', 'Holcus lanatus', 'Urtica dioica', 'Galium aparine', 'Glechoma hederacea', 'Lapsana communis', 'Rumex obtusifolius', 'Poa trivialis', 'Ulmus procera agg.', 'Sambucus nigra', 'Anisantha sterilis', 'Mercurialis perennis']"
6,2020-06-21,6,TL6776233143,P6210009,P6210010,1.0,0,"['Rumex obtusifolius', 'Urtica dioica', 'Arrhenatherum elatius', 'Dactylis glomerata', 'Cirsium vulgare', 'Cirsium arvense', 'Anisantha sterilis', 'Festuca rubra', 'Poa trivialis', 'Geum urbanum', 'Silene dioica', 'Tripleurospermum inodorum', 'Veronica chamaedrys', 'Myosotis arvensis', 'Galium aparine', 'Schedonorus arundinaceus', 'Lamium album', 'Bromus hordeaceus']"
5,2021-06-20,1,TL6809333054,P6200001,P6200002,2.0,45,"['Galium aparine', 'Rubus fruticosus agg.', 'Glechoma hederacea', 'Holcus lanatus', 'Urtica dioica', 'Silene dioica', 'Mercurialis perennis', 'Arrhenatherum elatius', 'Heracleum sphondylium', 'Rubus caesius', 'Anisantha sterilis', 'Poa trivialis']"
32,2021-06-20,2,TL6805333060,P6200003,P6200004,2.0,35,"['Urtica dioica', 'Silene dioica', 'Galium aparine', 'Holcus lanatus', 'Stachys sylvatica', 'Glechoma hederacea', 'Ulmus procera agg.', 'Anisantha sterilis', 'Rubus fruticosus agg.', 'Myosotis sylvatica', 'Mercurialis perennis', 'Poa trivialis', 'Schedonorus giganteus', 'Bromopsis ramosa', 'Geum urbanum', 'Rumex sanguineus', 'Salix cinerea']"
31,2021-06-20,3,TL6802633060,P6200005,P6200006,4.0,5,"['Carex pendula', 'Filipendula ulmaria', 'Stachys sylvatica', 'Urtica dioica', 'Rubus fruticosus agg.', 'Galium aparine', 'Scrophularia auriculata', 'Mercurialis perennis', 'Juncus effusus', 'Juncus inflexus', 'Holcus lanatus', 'Poa trivialis', 'Glechoma hederacea', 'Epilobium hirsutum', 'Solanum dulcamara', 'Arrhenatherum elatius', 'Persicaria lapathifolia', 'Sonchus sp.', 'Ranunculus repens', 'Brachypodium sylvaticum']"
47,2021-06-20,4,TL6802433086,P6200007,P6200008,2.0,55,"['Galium aparine', 'Urtica dioica', 'Silene dioica', 'Angelica sylvestris', 'Glechoma hederacea', 'Myosotis arvensis', 'Adoxa moschatellina', 'Ulmus procera agg.', 'Mercurialis perennis']"
50,2021-06-20,5,TL6800533085,P6200009,P6200010,2.0,40,"['Carduus crispus', 'S. x uplandicum', 'Arrhenatherum elatius', 'Geranium robertianum', 'Galium aparine', 'Heracleum sphondylium', 'Rubus caesius', 'Stachys sylvatica', 'Angelica sylvestris', 'Urtica dioica', 'Fraxinus excelsior', 'Mercurialis perennis', 'Myosotis sylvatica', 'Circaea lutetiana']"
35,2021-06-20,6,TL6798933058,P6200011,P6200012,5.0,65,['']
49,2021-06-20,7,TL6797233094,P6200013,P6200014,1.0,90,"['Urtica dioica', 'Glechoma hederacea', 'Silene dioica', 'Galium aparine', 'Angelica sylvestris', 'Alliaria petiolata', 'Anthriscus sylvestris', 'Sambucus nigra', 'Poa trivialis', 'Myosotis sylvatica', 'Stachys sylvatica']"
34,2021-06-20,8,TL6796833063,P6200015,P6200016,5.0,40,"['Veronica beccabunga', 'Plantago major', 'S. x uplandicum', 'Ranunculus repens', 'Rubus fruticosus agg.', 'Carex pendula', 'Angelica sylvestris', 'Cardamine flexuosa', 'Galium aparine', 'Poa trivialis', 'Salix cinerea', 'Scrophularia auriculata', 'Rumex sanguineus']"
42,2021-06-20,9,TL6793733095,P6200017,P6200018,5.0,90,"['Urtica dioica', 'Mercurialis perennis', 'Angelica sylvestris', 'Solanum dulcamara', 'Nasturtium officinale']"
57,2021-06-20,10,TL6794533124,P6200019,P6200020,1.0,10,"['Dactylis glomerata', 'Anthriscus sylvestris', 'Urtica dioica', 'Arrhenatherum elatius', 'Galium aparine', 'Mercurialis perennis', 'Silene dioica', 'Ranunculus repens', 'Taraxacum officinale agg.']"
56,2021-06-20,11,TL6790933115,P6200021,P6200022,2.0,85,"['Urtica dioica', 'Galium aparine', 'Rubus caesius', 'Glechoma hederacea', 'Mercurialis perennis', 'Silene dioica', 'Sambucus nigra']"
7,2021-06-20,12,TL6791133153,P6200023,P6200024,1.0,98,"['Mercurialis perennis', 'Urtica dioica', 'Rubus fruticosus agg.', 'Fagus sylvatica', 'Malus sylvestris', 'Ulmus procera agg.', 'Acer campestre']"
9,2021-06-20,13,TL6788233149,P6200025,P6200026,1.0,95,"['Urtica dioica', 'Silene dioica', 'Galium aparine', 'Glechoma hederacea', 'Myosotis sylvatica', 'Sambucus nigra', 'Kindbergia praelonga', 'Ulmus procera agg.']"
59,2021-06-20,14,TL6787433120,P6200027,P6200028,3.0,5,"['Urtica dioica', 'Silene dioica', 'Myosotis sylvatica', 'Sambucus nigra', 'Mercurialis perennis', 'Galium aparine', 'Poa trivialis', 'Brachythecium rutabulum', 'Kindbergia praelonga']"
8,2021-06-20,15,TL6784833144,P6200029,P6200030,2.0,85,"['Eupatorium cannabinum', 'Ranunculus repens', 'Galium aparine', 'Arctium minus', 'Myosotis sylvatica', 'Poa trivialis', 'Cirsium vulgare', 'Glechoma hederacea']"
25,2021-06-20,16,TL6785033176,P6200031,P6200032,1.0,40,"['Urtica dioica', 'Galium aparine', 'Mercurialis perennis', 'Glechoma hederacea', 'Kindbergia praelonga', 'Brachythecium rutabulum', 'Quercus robur']"
22,2021-06-20,17,TL6781433173,P6200033,P6200034,2.0,80,"['Urtica dioica', 'Galium aparine', 'Mercurialis perennis', 'Glechoma hederacea', 'Silene dioica', 'Sambucus nigra', 'Myosotis sylvatica', 'Circaea lutetiana', 'Acer campestre']"
37,2021-06-20,18,TL6782033205,P6200035,P6200036,1.0,95,"['Urtica dioica', 'Mercurialis perennis', 'Galium aparine', 'Silene dioica', 'Cirsium vulgare', 'Glechoma hederacea', 'Poa trivialis', 'Ulmus procera agg.']"
4,2021-06-20,19,TL6781733141,P6200037,P6200038,4.0,0,"['Eupatorium cannabinum', 'Carex acutiformis', 'Galium aparine', 'Silene dioica', 'Filipendula ulmaria', 'Urtica dioica', 'Calystegia sepium', 'Carduus crispus', 'Scrophularia auriculata', 'Veronica beccabunga', 'Nasturtium officinale', 'Mentha aquatica']"
21,2021-06-20,20,TL6779033174,P6200039,P6200040,2.0,99,"['Galium aparine', 'Rubus fruticosus agg.', 'Glechoma hederacea', 'Stachys sylvatica', 'Carduus crispus', 'Mercurialis perennis', 'Eupatorium cannabinum', 'Ranunculus repens', 'Myosotis sylvatica', 'Tilia europaea', 'Sambucus nigra', 'Angelica sylvestris', 'Carex sylvatica', 'Poa trivialis', 'Fraxinus excelsior']"
36,2021-06-20,21,TL6778833206,P6200041,P6200042,1.0,65,"['Urtica dioica', 'Glechoma hederacea', 'Mercurialis perennis', 'Sambucus nigra', 'Galium aparine', 'Brachythecium rutabulum']"
53,2021-06-20,22,TL6775933234,P6200043,P6200044,1.0,98,"['Urtica dioica', 'Adoxa moschatellina', 'Silene dioica', 'Glechoma hederacea', 'Sambucus nigra', 'Acer campestre', 'Galium aparine', 'Populus alba']"
51,2021-06-20,23,TL6772833234,P6200045,P6200046,4.0,5,"['Angelica sylvestris', 'Carduus crispus', 'Myosotis sylvatica', 'Galium aparine', 'Urtica dioica', 'Rumex obtusifolius', 'Rumex sanguineus', 'Silene dioica', 'Stachys sylvatica', 'Ranunculus repens', 'Mentha aquatica', 'Mercurialis perennis', 'Holcus lanatus']"
1,2021-06-20,24,TL6772833265,P6200047,P6200048,2.0,25,"['Cirsium palustre', 'Rumex sanguineus', 'Galium aparine', 'Holcus lanatus', 'Angelica sylvestris', 'Urtica dioica', 'Silene dioica', 'Poa trivialis', 'Ranunculus repens', 'Mercurialis perennis', 'Dactylis glomerata']"
16,2021-06-20,25,TL6769833294,P6200049,P6200050,2.0,15,"['Carex acutiformis', 'Scrophularia auriculata', 'S. x uplandicum', 'Poa trivialis', 'Carduus crispus', 'Arrhenatherum elatius', 'Cirsium palustre', 'Mentha aquatica', 'Pulicaria dysenterica', 'Holcus lanatus', 'Filipendula ulmaria', 'Angelica sylvestris', 'Galium aparine', 'Ranunculus repens', 'Myosotis sylvatica', 'Vicia cracca', 'Hypericum tetrapterum', 'Rubus fruticosus agg.', 'Rumex sanguineus', 'Primula elatior']"
62,2021-06-20,26,TL6766633264,P6200051,P6200052,1.0,2,"['Rubus fruticosus agg.', 'Galium aparine', 'Urtica dioica', 'Glechoma hederacea', 'Holcus lanatus', 'Arrhenatherum elatius', 'Rumex sanguineus', 'Jacobaea vulgaris', 'Rumex obtusifolius', 'Carduus crispus', 'Poa trivialis']"
63,2021-06-20,27,TL6769933264,P6200053,P6200054,1.0,15,"['Filipendula ulmaria', 'Arrhenatherum elatius', 'Alopecurus pratensis', 'Dactylis glomerata', 'Galium aparine', 'Carex acutiformis', 'Glechoma hederacea', 'Angelica sylvestris', 'Poa trivialis']"
39,2021-06-20,28,TL6775933203,P6200055,P6200056,1.0,90,"['Silene dioica', 'Glechoma hederacea', 'Mercurialis perennis', 'Urtica dioica', 'Salix alba', 'Myosotis sylvatica', 'Kindbergia praelonga', 'Brachythecium rutabulum']"
45,2021-06-21,1,TL6770133235,P6210057,P6210058,3.0,55,"['Urtica dioica', 'Mercurialis perennis', 'Galium aparine', 'Tamus communis', 'Mentha aquatica', 'Glechoma hederacea', 'Carduus crispus', 'Sambucus nigra']"
33,2021-06-21,2,TL6769833201,P6210059,P6210060,1.0,55,"['Urtica dioica', 'Galium aparine', 'Carduus crispus', 'Anisantha sterilis', 'Dactylis glomerata', 'Mercurialis perennis', 'Silene dioica', 'Myosotis arvensis', 'Glechoma hederacea', 'Sambucus nigra', 'Crataegus monogyna', 'Holcus lanatus', 'Arrhenatherum elatius', 'Poa trivialis']"
38,2021-06-21,3,TL6773033201,P6210061,P6210062,1.0,85,"['Mercurialis perennis', 'Galium aparine', 'Poa trivialis', 'Tilia europaea', 'Urtica dioica', 'Fraxinus excelsior', 'Ulmus procera agg.']"
55,2021-06-21,4,TL6808833023,P6200063,P6200064,1.0,0,"['Rumex obtusifolius', 'Arrhenatherum elatius', 'Holcus lanatus', 'Poa trivialis', 'Urtica dioica', 'S. x uplandicum', 'Jacobaea vulgaris', 'Papaver rhoeas', 'Galium aparine', 'Carduus crispus', 'Sonchus asper', 'Potentilla reptans', 'Anthriscus sylvestris', 'Anisantha sterilis', 'Ranunculus repens', 'Stachys sylvatica', 'Bromus racemosus', 'Schedonorus arundinaceus', 'Geranium dissectum', 'Lolium perenne', 'Festuca rubra']"
28,2021-06-21,5,TL6793133054,P6210065,P6210066,5.0,5,"['Juncus effusus', 'Juncus inflexus', 'Carex pendula', 'Scrophularia auriculata', 'Mentha aquatica', 'Nasturtium officinale', 'Silene dioica', 'Poa trivialis', 'Solanum dulcamara', 'Cirsium palustre', 'Mentha aquatica', 'Rubus fruticosus agg.', 'Filipendula ulmaria']"
11,2021-06-21,6,TL6793633026,P6210067,P6210068,2.0,60,"['Urtica dioica', 'Humulus lupulus', 'Salix aurita', 'Calystegia sepium', 'Galium aparine', 'Rubus fruticosus agg.', 'Glechoma hederacea', 'Salix alba', 'Carex pendula', 'Stachys sylvatica', 'Angelica sylvestris', 'Ranunculus repens', 'Poa trivialis', 'S. x uplandicum']"
61,2021-06-21,7,TL6793832995,P6210069,P6210070,1.0,0,"['Anisantha sterilis', 'Vulpia myuros', 'Urtica dioica', 'Cirsium vulgare', 'Carduus crispus', 'Arrhenatherum elatius', 'Holcus lanatus', 'Taraxacum officinale agg.', 'Sonchus asper', 'Geranium dissectum', 'Bromus racemosus', 'Epilobium sp.', 'Jacobaea vulgaris', 'Poa trivialis', 'Sisymbrium officinale', 'Galium aparine', 'Matricaria discoidea']"
60,2021-06-21,8,TL6790932994,P6210071,P6210072,1.0,0,"['Schedonorus arundinaceus', 'Leucanthemum vulgare', 'Ervum tetraspermum', 'Crataegus monogyna', 'Holcus lanatus', 'Festuca rubra', 'Dactylis glomerata', 'Arrhenatherum elatius', 'Bromus racemosus', 'Agrostis capillaris', 'Geranium dissectum', 'Plantago major', 'Acer campestre', 'Ranunculus repens', 'Sonchus asper', 'Hypochaeris radicata', 'Quercus robur', 'Jacobaea vulgaris', 'Cirsium arvense']"
10,2021-06-21,9,TL6791033024,P6210073,P6210074,2.0,15,"['Rubus fruticosus agg.', 'Solanum dulcamara', 'Urtica dioica', 'Salix cinerea', 'Calystegia sepium', 'Juncus inflexus', 'Carex pendula', 'Filipendula ulmaria', 'Equisetum arvense', 'Carduus crispus', 'Galium aparine']"
41,2021-06-21,11,TL6790833082,P6210075,P6210076,3.5,10,"['Urtica dioica', 'Silene dioica', 'Sambucus nigra', 'Galium aparine', 'Solanum dulcamara', 'Poa trivialis', 'Euonymus europaeus', 'Myosotis sylvatica', 'Mercurialis perennis']"
27,2021-06-21,17,TL6790933053,P6210077,P6210078,2.0,75,"['Glechoma hederacea', 'Urtica dioica', 'Poa trivialis', 'Adoxa moschatellina', 'Silene dioica', 'Galium aparine', 'Cardamine flexuosa', 'Crataegus monogyna', 'Brachythecium rutabulum', 'Fissidens taxifolius var. taxifolius']"
30,2021-06-21,13,TL6787933054,P6210079,P6210080,2.0,2,"['Rubus fruticosus agg.', 'Galium aparine', 'Epilobium hirsutum', 'Heracleum sphondylium', 'Urtica dioica', 'Solanum dulcamara', 'Silene dioica']"
46,2021-06-21,14,TL6787533090,P6210081,P6210082,2.0,55,"['Urtica dioica', 'Galium aparine', 'Glechoma hederacea', 'Stachys sylvatica', 'Poa trivialis', 'Myosotis sylvatica', 'Fraxinus excelsior', 'Angelica sylvestris']"
58,2021-06-21,15,TL6784833119,P6210083,P6210084,3.0,65,"['Carex acutiformis', 'Solanum dulcamara', 'Galium aparine', 'Epilobium hirsutum', 'Rubus fruticosus agg.', 'Myosotis sylvatica', 'Eupatorium cannabinum', 'Calystegia sepium']"
44,2021-06-21,16,TL6784833083,P6210085,P6210086,1.0,75,"['Carex pendula', 'Urtica dioica', 'Galium aparine', 'Silene dioica', 'Mercurialis perennis', 'Ulmus procera agg.', 'Glechoma hederacea']"
6,2021-06-21,10,TL6775933148,P6210087,P6210088,1.0,15,"['Urtica dioica', 'Galium aparine', 'Rumex obtusifolius', 'Arrhenatherum elatius', 'Poa trivialis', 'Bromus racemosus', 'Carduus crispus', 'Jacobaea vulgaris', 'Holcus lanatus', 'Dactylis glomerata', 'Crataegus monogyna', 'Anisantha sterilis', 'Cerastium fontanum', 'Viola arvensis']"
23,2021-06-21,17,TL6772933157,P6210089,P6210090,1.0,25,"['Arrhenatherum elatius', 'Galium aparine', 'Sambucus nigra', 'Dactylis glomerata', 'Urtica dioica', 'Glechoma hederacea', 'Arctium minus', 'Ulmus procera agg.', 'Bromus racemosus', 'Rumex obtusifolius', 'Sisymbrium officinale', 'Holcus lanatus', 'Lapsana communis', 'Tripleurospermum inodorum', 'Anisantha sterilis']"
24,2021-06-21,18,TL6776033176,P6210091,P6210092,1.0,45,"['Rubus fruticosus agg.', 'Urtica dioica', 'Carduus crispus', 'Galium aparine', 'Prunus spinosa', 'Galium aparine', 'Rumex sanguineus', 'Cirsium vulgare', 'Silene dioica', 'Poa trivialis', 'Myosotis sylvatica', 'Ulmus procera agg.', 'Glechoma hederacea', 'Mercurialis perennis', 'Kindbergia praelonga']"
3,2021-06-21,19,TL6778833144,P6210093,P6210094,1.0,20,"['Rubus fruticosus agg.', 'Galium aparine', 'Stachys sylvatica', 'Urtica dioica', 'Heracleum sphondylium', 'Carduus crispus', 'Holcus mollis', 'Poa trivialis', 'Silene dioica', 'Corylus avellana', 'Epilobium hirsutum', 'Mercurialis perennis', 'Juncus inflexus']"
54,2021-06-21,20,TL6781833113,P6210098,P6210099,1.0,0,"['Rubus fruticosus agg.', 'Urtica dioica', 'Galium aparine', 'Silene dioica', 'Mercurialis perennis', 'Myosotis sylvatica', 'Galium aparine', 'Hypericum perforatum', 'Poa trivialis', 'Glechoma hederacea']"
49,2022-06-24,1,TL6796833089,P6240001,P6240002,3.0,80,"['Veronica beccabunga', 'Glechoma hederacea', 'Sambucus nigra', 'Urtica dioica', 'Galium aparine', 'Poa trivialis', 'Nasturtium officinale', 'Alliaria petiolata', 'Circaea lutetiana', 'Adoxa moschatellina', 'P. x canadensis', 'Carex sp.', 'Anthriscus sylvestris', 'Silene dioica', 'Arum maculatum']"
50,2022-06-24,2,TL6799833084,P6240003,P6240004,1.0,50,"['Angelica sylvestris', 'Circaea lutetiana', 'Glechoma hederacea', 'Geranium robertianum', 'Carduus crispus', 'Mercurialis perennis', 'Galium aparine', 'Rubus fruticosus agg.', 'Sambucus nigra', 'Scrophularia auriculata', 'Silene dioica', 'Bromopsis ramosa', 'Urtica dioica', 'Stachys sylvatica', 'Sambucus nigra']"
47,2022-06-24,3,TL6802833084,P6240005,P6240006,1.0,60,"['Angelica sylvestris', 'Urtica dioica', 'Galium aparine', 'Glechoma hederacea', 'Mercurialis perennis', 'Sambucus nigra', 'Poa trivialis', 'Solanum dulcamara', 'Silene dioica', 'Myosotis arvensis', 'Ulmus procera agg.']"
31,2022-06-24,4,TL6802933055,P6240007,P6240008,5.0,5,"['Carex pendula', 'Juncus effusus', 'Glyceria notata', 'Carex otrubae', 'Mentha aquatica', 'Nasturtium officinale', 'Juncus inflexus', 'Filipendula ulmaria']"
34,2022-06-25,5,TL6796733058,P6250011,P6250012,5.0,10,"['Veronica beccabunga', 'Carex pendula', 'Rubus fruticosus agg.']"
35,2022-06-25,6,TL6799933054,P6250013,P6250014,4.0,90,"['Geranium robertianum', 'Carex pendula', 'Rubus fruticosus agg.', 'Mercurialis perennis', 'Geum urbanum', 'Urtica dioica', 'Bromopsis ramosa', 'Silene dioica', 'Myosotis arvensis', 'Poa trivialis', 'Salix cinerea', 'Galium aparine']"
32,2022-06-25,7,TL6805833055,P6250015,P6250016,2.0,85,"['Urtica dioica', 'Galium aparine', 'Stachys sylvatica', 'Bromopsis ramosa', 'Silene dioica', 'Mercurialis perennis', 'Glechoma hederacea', 'Poa trivialis', 'Holcus lanatus', 'Myosotis sylvatica', 'Primula vulgaris', 'Ulmus procera agg.']"
5,2022-06-25,8,TL6808833054,P6250017,P6250018,4.0,35,"['Ranunculus repens', 'Stachys sylvatica', 'Scrophularia auriculata', 'Urtica dioica', 'Rumex sanguineus', 'Myosotis sylvatica', 'Glechoma hederacea', 'Poa trivialis']"
55,2022-06-25,9,TL6808933024,P6250019,P6250020,1.0,0,"['Cirsium arvense', 'Rumex obtusifolius', 'Dactylis glomerata', 'Arrhenatherum elatius', 'Urtica dioica', 'Lolium perenne', 'Sonchus asper', 'Anisantha sterilis', 'Galium aparine', 'S. x uplandicum', 'Ranunculus repens', 'Poa trivialis']"
57,2022-06-25,10,TL6794033114,P6250021,P6250022,1.0,85,"['Mercurialis perennis', 'Sambucus nigra', 'Urtica dioica']"
42,2022-06-25,11,TL6793733090,P6250023,P6250024,4.0,35,"['Veronica beccabunga', 'Mentha aquatica', 'Scrophularia auriculata', 'Nasturtium officinale']"
41,2022-06-25,12,TL6790733085,P6250025,P6250026,2.0,50,"['Epilobium hirsutum', 'Urtica dioica', 'Poa trivialis', 'Solanum dulcamara', 'Cardamine flexuosa', 'Mercurialis perennis', 'Glechoma hederacea', 'Myosotis sylvatica', 'Silene dioica', 'Rumex sanguineus', 'Crataegus monogyna', 'T. x europaea', 'Adoxa moschatellina']"
27,2022-06-25,13,TL6791033053,P6250027,P6250028,2.0,60,"['Carex pendula', 'Glechoma hederacea', 'Urtica dioica', 'Poa trivialis', 'Mercurialis perennis', 'Cirsium palustre', 'Ranunculus repens', 'Angelica sylvestris', 'Sambucus nigra', 'Solanum dulcamara', 'Myosotis sp.', 'Rubus caesius', 'Cornus sanguinea', 'Fagus sylvatica', 'Silene dioica', 'Galium aparine', 'Mentha aquatica', 'Cardamine flexuosa']"
10,2022-06-25,14,TL6791033025,P6250029,P6250030,2.0,35,"['Rubus fruticosus agg.', 'Holcus lanatus', 'Calystegia sepium', 'Urtica dioica', 'Equisetum arvense', 'Stachys sylvatica', 'Poa trivialis', 'Glechoma hederacea', 'Galium aparine', 'Salix cinerea', 'Cardamine flexuosa', 'Carex pendula', 'Carex otrubae', 'Scrophularia auriculata', 'Epilobium hirsutum', 'Rumex sanguineus']"
60,2022-06-25,15,TL6791032994,P6250031,P6250032,1.0,0,"['Holcus lanatus', 'Schedonorus arundinaceus', 'Cirsium arvense', 'Leucanthemum vulgare', 'Ranunculus repens', 'Rumex sanguineus', 'Jacobaea vulgaris', 'Quercus robur', 'Festuca rubra', 'Ervum tetraspermum', 'Sambucus nigra', 'Dactylis glomerata', 'Erigeron canadensis']"
61,2022-06-25,16,TL6793932995,P6250033,P6250034,1.0,0,"['Cirsium arvense', 'Holcus lanatus', 'Poa trivialis', 'Arrhenatherum elatius', 'Urtica dioica', 'Cirsium vulgare', 'Anisantha sterilis', 'Galium aparine', 'Bromus sp.']"
11,2022-06-25,17,TL6793833024,P6250035,P6250036,1.0,70,"['S. x uplandicum', 'Urtica dioica', 'Carex pendula', 'Poa trivialis', 'Ranunculus repens', 'Rubus fruticosus agg.', 'Glechoma hederacea', 'Lapsana communis', 'Mentha aquatica', 'Scrophularia auriculata', 'Angelica sylvestris', 'Stachys sylvatica', 'Solanum dulcamara']"
28,2022-06-25,18,TL6793933054,P6250037,P6250038,3.0,85,"['Urtica dioica', 'Mentha aquatica', 'Solanum dulcamara', 'Carex pendula', 'Cardamine flexuosa', 'Nasturtium officinale', 'Cirsium palustre', 'Glechoma hederacea', 'Angelica sylvestris', 'Stachys sylvatica', 'Silene dioica', 'Salix cinerea']"
56,2022-06-25,19,TL6791233119,P6250039,P6250040,1.0,85,"['Mercurialis perennis', 'Urtica dioica', 'Sambucus nigra', 'Glechoma hederacea', 'Crataegus monogyna', 'Populus tremula']"
7,2022-06-25,20,TL6790933144,P6250041,P6250042,1.0,80,"['Urtica dioica', 'Glechoma hederacea', 'Silene dioica', 'Mercurialis perennis', 'Quercus robur']"
9,2022-06-25,21,TL679803315,P6250043,P6250044,1.0,95,"['Urtica dioica', 'Galium aparine', 'Glechoma hederacea', 'Mercurialis perennis', 'Ulmus procera agg.', 'Myosotis sylvatica']"
59,2022-06-25,22,TL6787833142,P6250045,P6250046,4.0,0,"['Mentha aquatica', 'Veronica beccabunga', 'Berula erecta', 'Holcus lanatus', 'Carex pendula', 'Carduus crispus', 'Urtica dioica', 'S. x uplandicum', 'Ranunculus repens', 'Glechoma hederacea', 'Agrostis stolonifera', 'Solanum dulcamara']"
8,2022-06-25,23,TL6784933142,P6250047,P6250048,2.0,85,"['Urtica dioica', 'Galium aparine', 'Silene dioica', 'Eupatorium cannabinum', 'Poa trivialis', 'Glechoma hederacea', 'Ranunculus repens', 'Mentha aquatica', 'Myosotis sylvatica', 'Carex acutiformis', 'Urtica dioica spp. galeopsifolia', 'Brachypodium sylvaticum', 'Filipendula ulmaria', 'Mercurialis perennis', 'Carex pendula']"
25,2022-06-25,24,TL6784833174,P6250049,P6250050,1.0,85,"['Urtica dioica', 'Galium aparine', 'Mercurialis perennis', 'Glechoma hederacea', 'Sambucus nigra', 'Ulmus procera agg.']"
22,2022-06-25,25,TL6781933174,P6250051,P6250052,2.0,35,"['Urtica dioica spp. galeopsifolia', 'Silene dioica', 'Mercurialis perennis', 'Myosotis sylvatica', 'Glechoma hederacea', 'Ulmus procera agg.', 'Poa trivialis', 'Brachypodium sylvaticum']"
37,2022-06-25,26,TL6782033205,P6250053,P6250054,1.0,95,"['Urtica dioica', 'Glechoma hederacea', 'Galium aparine', 'Myosotis sylvatica', 'Ulmus procera agg.', 'Acer campestre', 'Poa trivialis', 'Silene dioica']"
36,2022-06-25,27,TL6778933205,P6250055,P6250056,1.0,95,"['Urtica dioica', 'Mercurialis perennis', 'Galium aparine', 'Silene dioica', 'Myosotis sylvatica', 'Poa trivialis', 'Sambucus nigra']"
21,2022-06-25,28,TL6778933173,P6250057,P6250058,1.0,65,"['Carex sylvatica', 'Eupatorium cannabinum', 'Poa trivialis', 'Myosotis sylvatica', 'Silene dioica', 'Glechoma hederacea', 'Galium aparine', 'Rubus caesius', 'Mercurialis perennis', 'Ranunculus repens', 'Carduus crispus', 'Holcus lanatus', 'Fraxinus excelsior', 'Rubus caesius', 'Stachys sylvatica']"
6,2022-06-25,29,TL6776133144,P6250059,P6250060,1.0,1,"['Urtica dioica', 'Rumex obtusifolius', 'Holcus lanatus', 'Dactylis glomerata', 'Poa trivialis', 'Galium aparine', 'Anisantha sterilis', 'Crataegus monogyna', 'Quercus robur', 'Arrhenatherum elatius']"
3,2022-06-25,30,TL6779033143,P6250061,P6250063,1.0,20,"['Rubus fruticosus agg.', 'Galium aparine', 'Glechoma hederacea', 'Acer campestre', 'Arrhenatherum elatius', 'Carduus crispus', 'Ulmus procera agg.']"
4,2022-06-25,31,TL678183144,P6250064,P6250065,5.0,0,"['Carex acutiformis', 'Nasturtium officinale', 'Mentha aquatica', 'Solanum dulcamara', 'Calystegia sepium', 'Eupatorium cannabinum', 'Veronica beccabunga', 'Carduus crispus', 'Filipendula ulmaria', 'Berula erecta']"
24,2022-06-26,32,TL6776233170,P6260066,P6260067,1.0,75,"['Rubus fruticosus agg.', 'Urtica dioica', 'Mercurialis perennis', 'Galium aparine', 'Poa trivialis']"
39,2022-06-26,33,TL6776033204,P6260068,P6260069,2.0,90,"['Mercurialis perennis', 'Myosotis sylvatica', 'Urtica dioica', 'Galium aparine', 'Glechoma hederacea', 'Ulmus procera agg.', 'Silene dioica', 'Poa trivialis', 'Adoxa moschatellina']"
53,2022-06-26,34,TL6775933233,P6260070,P6260071,1.0,85,"['Urtica dioica', 'Glechoma hederacea', 'Sambucus nigra', 'Arum maculatum', 'Silene dioica', 'Populus alba', 'Adoxa moschatellina']"
51,2022-06-26,35,TL6773033234,P6260072,P6260073,2.0,2,"['Silene dioica', 'Angelica sylvestris', 'Urtica dioica', 'Mentha aquatica', 'Carex otrubae', 'Myosotis sylvatica', 'Carduus crispus', 'Galium aparine', 'Rubus fruticosus agg.', 'Sambucus nigra', 'Carex pendula', 'Glechoma hederacea', 'Solanum dulcamara', 'Rumex sanguineus', 'Caltha palustris', 'Adoxa moschatellina', 'Mercurialis perennis', 'Stachys sylvatica', 'Holcus lanatus', 'Poa trivialis']"
1,2022-06-26,36,TL6772933263,P6260074,P6260075,1.0,95,"['Mercurialis perennis', 'Galium aparine', 'Holcus lanatus', 'Glechoma hederacea', 'Filipendula ulmaria', 'Dactylis glomerata', 'Arrhenatherum elatius', 'Angelica sylvestris', 'Poa trivialis', 'Carduus crispus']"
63,2022-06-26,37,TL6769833263,P6260076,P6260077,2.0,40,"['Holcus lanatus', 'Dactylis glomerata', 'Filipendula ulmaria', 'Galium aparine', 'Mentha aquatica', 'Angelica sylvestris', 'Carex acutiformis', 'Rumex sanguineus', 'Arrhenatherum elatius']"
16,2022-06-26,33,TL6769733294,P6260078,P6260079,2.0,15,"['Carduus crispus', 'Cirsium palustre', 'Holcus lanatus', 'Arrhenatherum elatius', 'Angelica sylvestris', 'Stachys sylvatica', 'Scrophularia auriculata', 'Poa trivialis', 'S. x uplandicum', 'Carex acutiformis', 'Hypericum tetrapterum', 'Pulicaria dysenterica', 'Mentha aquatica', 'Urtica dioica', 'Lotus pedunculatus', 'Filipendula ulmaria', 'Vicia cracca']"
62,2022-06-26,39,TL6766833265,P6260080,P6260081,1.0,0,"['Rubus fruticosus agg.', 'Urtica dioica', 'Holcus lanatus', 'Rumex obtusifolius', 'Cirsium arvense', 'Glechoma hederacea', 'Mercurialis perennis', 'Dactylis glomerata', 'Sambucus nigra', 'Galium aparine', 'Agrostis capillaris']"
45,2022-06-26,40,TL6769933235,P6260082,P6260083,2.0,75,"['Urtica dioica', 'Mercurialis perennis', 'Galium aparine', 'Sambucus nigra', 'Glechoma hederacea']"
33,2022-06-26,41,TL6770233205,P6260084,P6260085,1.0,25,"['Urtica dioica', 'Holcus lanatus', 'Poa trivialis', 'Galium aparine', 'Rumex obtusifolius', 'Dactylis glomerata', 'Glechoma hederacea', 'Anisantha sterilis', 'Carduus crispus', 'Mercurialis perennis', 'Sambucus nigra', 'Crataegus monogyna']"
38,2022-06-26,42,TL6772933203,P6260086,P6260087,1.0,25,"['Mercurialis perennis', 'Urtica dioica', 'Glechoma hederacea', 'Fagus sylvatica', 'Acer campestre']"
23,2022-06-26,43,TL6773133174,P6260088,P6260089,1.0,35,"['Galium aparine', 'Urtica dioica', 'Arrhenatherum elatius', 'Rumex sanguineus', 'Holcus lanatus', 'Rumex obtusifolius', 'Glechoma hederacea', 'Arctium minus', 'Sambucus nigra', 'Ulmus procera agg.', 'Crataegus monogyna', 'Dactylis glomerata']"
54,2022-06-26,44,TL6782323116,P6260090,P6260091,1.0,5,"['Rubus fruticosus agg.', 'Rosa canina agg.', 'Glechoma hederacea', 'Mercurialis perennis', 'Acer platanoides', 'Urtica dioica', 'Galium aparine']"
46,2022-06-26,45,TL6787933083,P6260092,P6260093,2.0,45,"['Galium aparine', 'Poa trivialis', 'Rubus caesius', 'Mercurialis perennis', 'Stachys sylvatica', 'Silene dioica', 'Glechoma hederacea', 'Myosotis sylvatica', 'Angelica sylvestris']"
30,2022-06-26,46,TL6787933053,P6260094,P6260095,1.0,95,"['Urtica dioica', 'Glechoma hederacea', 'Acer campestre', 'Sambucus nigra', 'Silene dioica', 'Myosotis sylvatica', 'Rubus fruticosus agg.']"
44,2022-06-26,47,TL6784933085,P6260096,P6260097,1.0,90,"['Urtica dioica', 'Glechoma hederacea', 'Galium aparine', 'Mercurialis perennis', 'Crataegus monogyna', 'Silene dioica', 'Sambucus nigra', 'Poa trivialis']"
58,2022-06-26,49,TL6784933113,P6260098,P6260099,5.0,0,"['Carex acutiformis', 'Solanum dulcamara', 'Calystegia sepium', 'Mentha aquatica']"
49,2023-06-22,1,TL6796933086,P6220001,P6220002,4.0,60,"['Veronica beccabunga', 'Glechoma hederacea', 'Sambucus nigra', 'Urtica dioica', 'Galium aparine', 'Poa trivialis', 'Cardamine flexuosa', 'Mentha aquatica', 'Circaea lutetiana', 'Sparganium erectum', 'P. x canadensis', 'S. x uplandicum', 'Silene dioica', 'Epilobium hirsutum', 'Solanum dulcamara']"
50,2023-06-22,2,TL6799833085,P6220003,P6220004,1.0,75,"['Urtica dioica', 'Carduus crispus', 'Galium aparine', 'Glechoma hederacea', 'Geranium robertianum', 'Sambucus nigra', 'Arrhenatherum elatius', 'Circaea lutetiana', 'Angelica sylvestris', 'Holcus lanatus', 'Bromopsis ramosa', 'Brachypodium sylvaticum', 'Poa trivialis', 'Myosotis sylvatica', 'Crataegus monogyna', 'P. x canadensis', 'Mercurialis perennis', 'Rubus caesius']"
47,2023-06-22,3,TL6802833085,P6220005,P6220006,2.0,5,"['Urtica dioica', 'Carex pendula', 'Solanum dulcamara', 'Galium aparine', 'Rubus fruticosus agg.', 'Tamus communis', 'Myosotis sylvatica', 'Silene dioica', 'Mercurialis perennis', 'Poa trivialis', 'Angelica sylvestris', 'Sonchus arvensis', 'Carduus crispus', 'Adoxa moschatellina', 'Ranunculus repens']"
32,2023-06-23,4,TL6806033055,P6230007,P6230008,2.0,70,"['Urtica dioica', 'Poa trivialis', 'Bromopsis ramosa', 'Galium aparine', 'Silene dioica', 'Glechoma hederacea', 'Brachypodium sylvaticum', 'Myosotis sylvatica', 'Euonymus europaeus', 'Carduus crispus', 'Mercurialis perennis', 'Prunus spinosa']"
5,2023-06-23,5,TL6808933054,P6230009,P6230010,2.0,15,"['Glyceria sp.', 'Ranunculus repens', 'Urtica dioica', 'Poa trivialis', 'Holcus lanatus', 'Scrophularia auriculata', 'Myosotis sylvatica', 'Glechoma hederacea', 'Rumex sanguineus', 'Juncus effusus', 'Galium aparine', 'Adoxa moschatellina', 'Silene dioica']"
55,2023-06-23,6,TL6808933025,P6230011,P6230012,1.0,0,"['Cirsium arvense', 'Arrhenatherum elatius', 'Holcus lanatus', 'Geranium dissectum', 'Ranunculus repens', 'Potentilla reptans', 'Taraxacum officinale agg.', 'Urtica dioica', 'Rumex sanguineus', 'Galium aparine', 'Jacobaea vulgaris', 'Rumex obtusifolius', 'Sonchus arvensis', 'Ballota nigra', 'Epilobium hirsutum']"
31,2023-06-23,7,TL6802933054,P6230013,P6230014,5.0,1,"['Carex pendula', 'Juncus effusus', 'Filipendula ulmaria', 'Cardamine flexuosa', 'Mentha aquatica', 'Epilobium hirsutum']"
35,2023-06-23,8,TL6800033054,P6230015,P6230016,3.0,85,"['Glechoma hederacea', 'Geranium robertianum', 'Mercurialis perennis', 'Urtica dioica', 'Bromopsis ramosa', 'Brachypodium sylvaticum', 'Geum urbanum', 'Carex pendula', 'Angelica sylvestris', 'Galium aparine', 'Epilobium hirsutum', 'Salix aurita', 'Primula elatior']"
42,2023-06-23,11,TL6793533087,P6230017,P6230018,5.0,0,"['Glechoma hederacea', 'Cardamine flexuosa', 'Solanum dulcamara', 'Sparganium erectum', 'Mentha aquatica', 'Helosciadium nodiflorum', 'Carduus crispus', 'Urtica dioica', 'Galium aparine']"
57,2023-06-23,12,TL6794033112,P6230019,P6230020,1.0,90,"['Mercurialis perennis', 'Galium aparine', 'Sambucus nigra', 'Urtica dioica']"
56,2023-06-23,13,TL6790933113,P6230021,P6230022,2.0,95,"['Mercurialis perennis', 'T. x europaea', 'Acer campestre', 'Glechoma hederacea', 'Galium aparine', 'Rubus caesius']"
7,2023-06-23,14,TL6790633146,P6230023,P6230024,1.0,85,"['Urtica dioica', 'Mercurialis perennis', 'Glechoma hederacea', 'Quercus sp.', 'Ulmus procera agg.', 'Acer campestre']"
9,2023-06-23,15,TL6788033143,P6230025,P6230026,1.0,90,"['Mercurialis perennis', 'Urtica dioica', 'Galium aparine', 'Glechoma hederacea', 'Ulmus procera agg.']"
8,2023-06-23,16,TL6784833145,P6230027,P6230028,2.0,70,"['Eupatorium cannabinum', 'Ranunculus repens', 'Galium aparine', 'Silene dioica', 'Angelica sylvestris', 'Glechoma hederacea', 'Mentha aquatica', 'Solanum dulcamara', 'Urtica dioica', 'Poa trivialis']"
25,2023-06-23,17,TL6785033174,P6230029,P6230030,1.0,95,"['Mercurialis perennis', 'Urtica dioica', 'Arum maculatum', 'Glechoma hederacea', 'Galium aparine', 'Sambucus nigra', 'Carpinus betulus']"
22,2023-06-23,18,TL6781933174,P6230031,P6230032,2.0,60,"['Silene dioica', 'Stachys sylvatica', 'Mercurialis perennis', 'Myosotis sylvatica', 'Urtica dioica', 'Sambucus nigra', 'Circaea lutetiana', 'Poa trivialis', 'Tilia sp.', 'Ulmus procera agg.', 'Ranunculus repens']"
4,2023-06-23,19,TL6781933145,P6230033,P6230034,5.0,0,"['Mentha aquatica', 'Carex pendula', 'Solanum dulcamara', 'Calystegia sepium', 'Nasturtium officinale', 'Carex acutiformis', 'Ranunculus sceleratus']"
34,2023-06-24,20,TL6796833053,P6240007,P6240002,5.0,5,"['Iris pseudacorus', 'Solanum dulcamara', 'Mentha aquatica', 'Carduus crispus', 'Carex pendula', 'Ranunculus repens', 'Urtica dioica', 'Rumex sanguineus', 'Veronica beccabunga', 'Holcus sp.', 'Juncus inflexus', 'S. x uplandicum']"
28,2023-06-24,21,TL6793533955,P6240003,P6240004,5.0,5,"['Juncus effusus', 'Helosciadium nodiflorum', 'Mentha aquatica', 'Nasturtium officinale', 'Solanum dulcamara', 'Rubus fruticosus agg.', 'Juncus inflexus', 'Filipendula ulmaria', 'Carex sp.ecies', 'Cirsium palustre', 'Epilobium hirsutum', 'Sonchus arvensis', 'Scrophularia auriculata']"
11,2023-06-24,24,TL6793733029,P6240005,P6240006,5.0,50,"['Prunus spinosa', 'Solanum dulcamara', 'Calystegia sepium', 'Carex pendula', 'Mentha aquatica', 'Rumex sanguineus', 'S. x uplandicum', 'Rubus fruticosus agg.']"
61,2023-06-24,25,TL6793832994,P6240008,P6240009,1.0,0,"['Cirsium arvense', 'Galium aparine', 'Arrhenatherum elatius', 'Urtica dioica', 'Poa trivialis', 'Achillea millefolium', 'Tripleurospermum inodorum', 'Holcus lanatus', 'Leucanthemum vulgare', 'Prunus spinosa', 'Acer campestre', 'Crataegus monogyna', 'Anisantha sterilis', 'Epilobium hirsutum', 'Geranium dissectum', 'Bromus hordeaceus', 'Epilobium sp.', 'Rosa sp.', 'Silene dioica']"
60,2023-06-24,26,TL6791032994,P6240010,P6240011,1.0,0,"['Leucanthemum vulgare', 'Schedonorus arundinaceus', 'Rumex obtusifolius', 'Holcus lanatus', 'Ervum tetraspermum', 'Agrostis capillaris', 'Equisetum arvense', 'Poa trivialis', 'Rubus fruticosus agg.', 'Jacobaea vulgaris']"
10,2023-06-24,27,TL6790933026,P6240012,P6240013,2.0,10,"['Rubus fruticosus agg.', 'Calystegia sepium', 'Equisetum arvense', 'Urtica dioica', 'Solanum dulcamara', 'Salix aurita', 'Epilobium hirsutum']"
37,2023-06-24,28,TL6782033208,P6240014,P6240015,1.0,90,"['Mercurialis perennis', 'Urtica dioica', 'Glechoma hederacea', 'Ulmus procera agg.', 'Poa trivialis']"
36,2023-06-24,29,TL6778833203,P6240016,P6240017,1.0,95,"['Mercurialis perennis', 'Myosotis sylvatica', 'Sambucus nigra', 'Galium aparine', 'Glechoma hederacea', 'Ulmus procera agg.', 'Sambucus nigra']"
39,2023-06-24,30,TL6776033204,P6240018,P6240019,2.0,70,"['Mercurialis perennis', 'Urtica dioica', 'Myosotis sylvatica', 'Glechoma hederacea', 'Galium aparine', 'Silene dioica', 'Poa trivialis', 'Carex pendula', 'Salix alba var. caerulea', 'Fraxinus excelsior']"
53,2023-06-24,31,TL6775933234,P6240020,P6240021,1.0,50,"['Sambucus nigra', 'Populus alba', 'Glechoma hederacea', 'Urtica dioica']"
51,2023-06-24,32,TL6772233233,P6240022,P6240023,2.0,2,"['Caltha palustris', 'Mentha aquatica', 'Calystegia sepium', 'Urtica dioica', 'Ranunculus repens', 'Rumex sanguineus', 'Poa trivialis']"
1,2023-06-24,33,TL6772933264,P6240024,P6240025,2.0,75,"['Mentha aquatica', 'Carduus crispus', 'Holcus lanatus', 'Arrhenatherum elatius', 'Carex acutiformis', 'Silene dioica', 'Rumex sanguineus', 'Lotus pedunculatus', 'Filipendula ulmaria', 'Angelica sylvestris', 'Galium aparine', 'Rubus caesius', 'Primula elatior']"
16,2023-06-24,34,TL6769833295,P6240026,P6240027,2.0,70,"['Filipendula ulmaria', 'S. x uplandicum', 'Poa trivialis', 'Mentha aquatica', 'Carduus crispus', 'Arrhenatherum elatius', 'Holcus lanatus', 'Lotus pedunculatus', 'Angelica sylvestris', 'Silene dioica', 'Carex acutiformis', 'Galium aparine', 'Scrophularia auriculata', 'Carex pendula', 'Hypericum tetrapterum', 'Stachys sylvatica', 'Ranunculus repens', 'Epilobium hirsutum', 'Primula elatior', 'Cirsium palustre', 'Rubus caesius', 'Vicia cracca', 'Pulicaria dysenterica']"
63,2023-06-24,35,TL6769933266,P6240028,P6240029,2.0,40,"['Poa trivialis', 'Primula elatior', 'Mentha aquatica', 'Alopecurus pratensis', 'Filipendula ulmaria', 'Arrhenatherum elatius', 'Geranium dissectum', 'Dactylis glomerata', 'Galium aparine', 'Carex acutiformis', 'Angelica sylvestris', 'Holcus lanatus']"
45,2023-06-24,36,TL6769833233,P6240030,P6240031,1.0,90,"['Urtica dioica', 'Mercurialis perennis', 'Glechoma hederacea', 'Galium aparine']"
21,2023-06-24,37,TL6778933174,P6240032,P6240033,2.0,95,"['Mercurialis perennis', 'T. x europaea', 'Galium aparine', 'Urtica dioica', 'Silene dioica', 'Glechoma hederacea']"
58,2023-06-24,38,TL6784633111,P6240034,P6240035,3.0,0,"['Carex acutiformis', 'Urtica dioica', 'Solanum dulcamara', 'Mentha aquatica', 'Nasturtium officinale']"
46,2023-06-24,39,TL6788033085,P6240036,P6240037,2.0,40,"['Stachys sylvatica', 'Glechoma hederacea', 'Urtica dioica', 'Galium aparine', 'Mercurialis perennis', 'Filipendula ulmaria', 'Ranunculus repens', 'Poa trivialis', 'Myosotis sylvatica', 'Sparganium erectum', 'Silene dioica']"
27,2023-06-25,40,TL6791033054,P6250001,P6250002,3.0,65,"['Carex pendula', 'Cirsium palustre', 'Angelica sylvestris', 'Ranunculus repens', 'Epilobium hirsutum', 'Silene dioica', 'Rubus caesius', 'Urtica dioica', 'Rumex sanguineus', 'Galium aparine', 'Solanum dulcamara', 'Calystegia sepium', 'Poa trivialis', 'Equisetum arvense', 'Hypericum sp.', 'Holcus lanatus', 'Stachys sylvatica', 'Crataegus monogyna', 'Scrophularia auriculata', 'Myosotis sylvatica']"
41,2023-06-25,41,TL6790933083,P6250003,P6250004,3.0,2,"['S. x uplandicum', 'Carex pendula', 'Rumex sanguineus', 'Urtica dioica', 'Glechoma hederacea', 'Galium aparine', 'Myosotis sylvatica', 'Poa trivialis', 'Calystegia sepium', 'Silene dioica', 'Sambucus nigra', 'Solanum dulcamara', 'Sparganium erectum', 'Cardamine flexuosa', 'Mentha aquatica', 'Veronica beccabunga', 'Ranunculus repens', 'Ulmus procera agg.', 'Juncus effusus']"
59,2023-06-25,42,TL6787933114,P6250005,P6250006,3.0,0,"['Eupatorium cannabinum', 'Sparganium erectum', 'Carex pendula', 'Helosciadium nodiflorum', 'Mentha aquatica', 'Ranunculus repens', 'Filipendula ulmaria', 'Solanum dulcamara', 'Poa trivialis', 'Veronica beccabunga', 'Agrostis stolonifera', 'Angelica sylvestris']"
44,2023-06-25,43,TL6784833084,P6250007,P6250008,1.0,60,"['Urtica dioica', 'Glechoma hederacea', 'Mercurialis perennis', 'Rubus fruticosus agg.', 'Acer campestre', 'Carex pendula', 'Silene dioica', 'Brachypodium sylvaticum', 'Sambucus nigra', 'Holcus lanatus', 'Crataegus monogyna']"
54,2023-06-25,44,TL6782133115,P6250009,P6250010,1.0,60,"['Rubus fruticosus agg.', 'Mercurialis perennis', 'Glechoma hederacea', 'Urtica dioica', 'Galium aparine', 'Silene dioica']"
3,2023-06-25,45,TL6778933143,P6250011,P6250012,1.0,60,"['Rubus fruticosus agg.', 'Urtica dioica', 'Galium aparine', 'Mercurialis perennis', 'Carduus crispus']"
38,2023-06-25,46,TL6772933206,P6250013,P6250014,1.0,45,"['Mercurialis perennis', 'Urtica dioica', 'Galium aparine', 'Circaea lutetiana']"
33,2023-06-25,47,TL6769933208,P6250015,P6250016,1.0,75,"['Urtica dioica', 'Glechoma hederacea', 'Poa trivialis', 'Arrhenatherum elatius', 'Sisymbrium officinale', 'Lolium perenne', 'Anisantha sterilis', 'Galium aparine', 'Myosotis arvensis', 'Cirsium vulgare', 'Carduus crispus', 'Crataegus monogyna', 'Sambucus nigra', 'Mercurialis perennis', 'Alliaria petiolata', 'Ribes rubrum', 'Rumex obtusifolius', 'Holcus lanatus']"
62,2023-06-25,48,TL6766733264,P6250017,P6250018,1.0,40,"['Rubus fruticosus agg.', 'Sambucus nigra', 'Urtica dioica', 'Arrhenatherum elatius', 'Holcus lanatus', 'Poa trivialis', 'Dactylis glomerata', 'Glechoma hederacea']"
23,2023-06-25,49,TL6772933177,P6250019,P6250020,1.0,35,"['Urtica dioica', 'Holcus lanatus', 'Arrhenatherum elatius', 'Bromus hordeaceus', 'Rumex obtusifolius', 'Dactylis glomerata', 'Galium aparine', 'Ulmus procera agg.', 'Brassica napus', 'Rumex conglomeratus', 'Mercurialis perennis']"
24,2023-06-25,50,TL6775933180,P6250021,P6250022,1.0,5,"['Rubus fruticosus agg.', 'Prunus spinosa', 'Urtica dioica', 'Mercurialis perennis', 'Glechoma hederacea', 'Galium aparine', 'Rosa canina agg.', 'Carex pendula', 'Myosotis sylvatica', 'Ulmus procera agg.']"
6,2023-06-25,51,TL6776233145,P6250023,P6250024,1.0,50,"['Urtica dioica', 'Dactylis glomerata', 'Anisantha sterilis', 'Holcus lanatus', 'Poa trivialis', 'Crataegus monogyna', 'Bryonia dioica', 'Rumex obtusifolius']"
30,2023-06-25,52,TL6787933055,P6250025,P6250026,1.0,98,"['Urtica dioica', 'Glechoma hederacea', 'Galium aparine', 'Acer campestre', 'Sambucus nigra', 'Rubus fruticosus agg.', 'Silene dioica']"
49,2024-06-21,3,TL6796933086,P6210001,P6210002,4.0,50,"['Sparganium erectum', 'Mentha aquatica', 'Veronica beccabunga', 'Sambucus nigra', 'Nasturtium officinale']"
50,2024-06-21,4,TL6800033084,P6210003,P6210004,2.0,65,"['Glechoma hederacea', 'Brachypodium sylvaticum', 'Urticia dioica', 'Galium aparine', 'Carduus crispus', 'Geranium robertianum', 'Mercurialis perennis', 'Crataegus monogyna', 'Sambucus nigra', 'Circea lutetiana', 'Epilobium sp.', 'Silene dioica', 'Arrhenatherum elatius', 'Angelica sylvestris', 'Stachys sylvatica', 'Senecio vulgaris', 'Poa trivialis', 'Arctium sp.', 'Holcus lanatus', 'Myosotis sylvatica', 'Rubus fruticosus agg.']"
47,2024-06-21,5,TL6803033083,P6210005,P6210006,2.0,0,"['Urticia dioica', 'Myosotis sp.', 'Carex pendula', 'Tamus communis', 'Galium aparine', 'Rubus fruticosus agg.', 'Myosotis sylvatica', 'Carduus crispus', 'Cirsium palustre', 'Stachys sylvatica', 'Silene dioica', 'Holcus lanatus', 'Solanum dulcamara', 'Poa trivialis', 'Angelica sylvestris', 'Geum urbanum']"
31,2024-06-21,6,TL6802933054,P6210007,P6210008,5.0,0,"['Juncus effusus', 'Filamentous algae', 'Mentha aquatica', 'Carex pendula', 'Juncus inflexus']"
55,2024-06-21,7,TL6808833024,P6210009,P6210010,1.0,0,"['Holcus lanatus', 'Dactylis glomerata', 'Urticia dioica', 'Cirsium arvense', 'Arrhenatherum elatius', 'Silene dioica', 'Jacobaea vulgaris', 'Sonchus asper', 'Brachypodium sylvaticum', 'Heracleum sphondylium', 'Poa trivialis', 'Rumex obtusifolius', 'Galium aparine']"
5,2024-06-21,8,TL6808933055,P6210011,P6210012,3.0,20,"['Holcus lanatus', 'Carex pendula', 'G. x pedicellata', 'Rumex sanguineus', 'Urticia dioica', 'Ranunculus repens', 'Silene dioica', 'Juncus effusus', 'Glechoma hederacea', 'Rubus fruitcosus agg.']"
32,2024-06-21,9,TL6805633053,P6210013,P6210014,4.0,75,"['Carex pendula', 'Rumex sanguineus', 'Juncus effusus', 'Holcus lanatus', 'Juncus inflexus', 'Filipendula ulmaria', 'Angelica sylvestris', 'Solanum dulcamara', 'Brachypodium sylvaticum', 'Schedonorus gigantea', 'Carex otrubae', 'Poa trivialis']"
35,2024-06-21,10,TL6799833053,P6210015,P6210016,5.0,80,"['Carex pendula', 'Urticia dioica', 'Salix cinerea', 'Carduus crispus', 'Rubus fruitcosus agg.', 'Glechoma hederacea']"
34,2024-06-21,11,TL6796933053,P6210017,P6210018,5.0,5,['']
42,2024-06-21,12,TL6793333086,P6210019,P6210020,4.0,5,"['Sparganium erectum', 'Solanum dulcamara', 'Epilobium hirsutum', 'Myosotis sylvatica', 'Scrophularia auriculata', 'Veronica beccabunga', 'Urtica dioica', 'Mentha aquatica']"
57,2024-06-21,13,TL6793833112,P6210021,P6210022,1.0,90,"['Mercurialis perennis', 'Sambucus nigra', 'Urtica dioica', 'Quercus sp.']"
56,2024-06-21,14,TL6790833114,P6210023,P6210024,2.0,90,"['Urtica dioica', 'Mercurialis perennis', 'Galium aparine', 'Glechoma hederacea', 'Rubus caesius', 'Acer campestre']"
42,2024-06-21,15,TL6790933085,P6210025,P6210026,3.5,1,"['Juncus effusus', 'Sparganium erectum', 'Mentha aquatica', 'Ranunculus repens', 'Sambucus nigra', 'Solanum dulcamara', 'Carduus crispus', 'Rumex sanguineus', 'Carex pendula']"
27,2024-06-21,16,TL6790933053,P6210027,P6210028,2.0,10,"['Ranunculus repens', 'Angelica sylvestris', 'Urtica dioica', 'Poa trivialis', 'Stachys sylvatica', 'Solanum dulcamara', 'Crataegus monogyna', 'Silene dioica', 'Carex pendula', 'Glechoma hederacea', 'Cardamine sp.', 'Rumex sanguineus', 'Dryopteris filix-mas']"
28,2024-06-21,17,TL6793233055,P6210029,P6210030,5.0,0,"['Juncus effusus', 'Sparganium erectum', 'Mentha aquatica', 'Veronica beccabunga', 'Juncus inflexus', 'Carex pendula']"
11,2024-06-21,18,TL6793933024,P6210031,P6210032,3.0,2,"['Poa trivialis', 'Urtica dioica', 'Rubus fruitcosus agg.', 'Galium aparine', 'Rubus fruitcosus agg.', 'Galium aparine', 'Calystegia sepium', 'Carex pendula', 'Mentha aquatica', 'Rumex sanguineus', 'Epilobium hirsutum', 'Cardamine flexuosa', 'Juncus inflexus', 'Juncus effusus', 'Glechoma hederacea', 'Solanum dulcamara', 'S. x uplandicum']"
61,2024-06-21,19,TL6793932995,P6210033,P6210034,1.0,0,"['Poa trivialis', 'Arrhenatherum elatius', 'Holcus lanatus', 'Urtica dioica', 'Cirsium arvense', 'Galium aparine', 'Bromus racemosus', 'Quercus sp.', 'Jacobaea vulgaris', 'Prunus spinosa', 'Leucanthemum vulgare', 'Acer campestre', 'Solidaga virgaurea']"
