"sample_point_id","observation_date","garmin_waypoint_id","garmin_grid_ref","photo_up_id","photo_down_id","wetness_estimate","canopy_cover_estimate","species_identified","lat.x","lon.x","eastings.x","northings.x","grid_ref.x","x.x","y.x","lat.y","lon.y","eastings.y","northings.y","grid_ref.y","x.y","y.y","lat","lon","eastings","northings","grid_ref","x","y"
1,2019-06-20,2,"TL6772733270","P6200003","P6200004",1,40,"['Arrhenatherum elatius', 'Holcus lanatus', 'Angelica sylvestris', 'Filipendula ulmaria', 'Galium aparine', 'Mentha aquatica', 'Cirsium palustre', 'Urtica dioica', 'Silene dioica', 'Ranunculus repens']",51.972535837496,0.440443043953435,567729,233264,"TL 67729 33264",3,10,51.972535837496,0.440443043953435,567729,233264,"TL 67729 33264",3,10,51.972535837496,0.440443043953435,567729,233264,"TL 67729 33264",3,10
1,2020-06-20,16,"TL6772633268","P6200036","P6200037",2,15,"['Arrhenatherum elatius', 'Filipendula ulmaria', 'Galium aparine', 'Mentha aquatica', 'Silene dioica', 'Carduus crispus', 'Heracleum sphondylium', 'Geranium dissectum', 'Carex acutiformis', 'Rubus fruticosus agg.', 'Lathyrus pratensis', 'Poa trivialis']",51.972535837496,0.440443043953435,567729,233264,"TL 67729 33264",3,10,51.972535837496,0.440443043953435,567729,233264,"TL 67729 33264",3,10,51.972535837496,0.440443043953435,567729,233264,"TL 67729 33264",3,10
1,2022-06-26,36,"TL6772933263","P6260074","P6260075",1,95,"['Mercurialis perennis', 'Galium aparine', 'Holcus lanatus', 'Glechoma hederacea', 'Filipendula ulmaria', 'Dactylis glomerata', 'Arrhenatherum elatius', 'Angelica sylvestris', 'Poa trivialis', 'Carduus crispus']",51.972535837496,0.440443043953435,567729,233264,"TL 67729 33264",3,10,51.972535837496,0.440443043953435,567729,233264,"TL 67729 33264",3,10,51.972535837496,0.440443043953435,567729,233264,"TL 67729 33264",3,10
1,2021-06-20,24,"TL6772833265","P6200047","P6200048",2,25,"['Cirsium palustre', 'Rumex sanguineus', 'Galium aparine', 'Holcus lanatus', 'Angelica sylvestris', 'Urtica dioica', 'Silene dioica', 'Poa trivialis', 'Ranunculus repens', 'Mercurialis perennis', 'Dactylis glomerata']",51.972535837496,0.440443043953435,567729,233264,"TL 67729 33264",3,10,51.972535837496,0.440443043953435,567729,233264,"TL 67729 33264",3,10,51.972535837496,0.440443043953435,567729,233264,"TL 67729 33264",3,10
3,2021-06-21,19,"TL6778833144","P6210093","P6210094",1,20,"['Rubus fruticosus', 'Galium aparine', 'Stachys sylvatica', 'Urtica dioica', 'Heracleum sphondylium', 'Carduus crispus', 'Holcus mollis', 'Poa trivialis', 'Silene dioica', 'Corylus avellana', 'Epilobium hirsutum', 'Mercurialis perennis', 'Juncus inflexus']",51.9714398340817,0.441257077150634,567789,233144,"TL 67789 33144",5,6,51.9714398340817,0.441257077150634,567789,233144,"TL 67789 33144",5,6,51.9714398340817,0.441257077150634,567789,233144,"TL 67789 33144",5,6
3,2019-06-21,48,"TL6778533149","P6210055","P6210056",1,15,"['Holcus lanatus', 'Silene dioica', 'Crataegus monogyna', 'Glechoma hederacea', 'Mercurialis perennis', 'Ulmus procera', 'Galium aparine', 'Myosotis sylvatica', 'Cirsium arvense', 'Vicia sativa', 'Rubus fruticosus agg.', 'Arrhenatherum elatius', 'Brachythecium rutabulum', 'Bromopsis ramosa', 'Poa trivialis', 'Stachys sylvatica', 'Achillea millefolium']",51.9714398340817,0.441257077150634,567789,233144,"TL 67789 33144",5,6,51.9714398340817,0.441257077150634,567789,233144,"TL 67789 33144",5,6,51.9714398340817,0.441257077150634,567789,233144,"TL 67789 33144",5,6
3,2020-06-20,33,"TL6778633143","P6200071","P6200072",2,0,"['Urtica dioica', 'Galium aparine', 'Rubus fruticosus agg.', 'Stachys sylvatica', 'Filipendula ulmaria', 'Epilobium hirsutum', 'Cirsium arvense', 'Carduus crispus', 'Mercurialis perennis', 'Myosotis sylvatica', 'Sambucus nigra', 'Silene dioica', 'Juncus inflexus']",51.9714398340817,0.441257077150634,567789,233144,"TL 67789 33144",5,6,51.9714398340817,0.441257077150634,567789,233144,"TL 67789 33144",5,6,51.9714398340817,0.441257077150634,567789,233144,"TL 67789 33144",5,6
3,2022-06-25,30,"TL6779033143","P6250061","P6250063",1,20,"['Rubus fruticosus agg.', 'Galium aparine', 'Glechoma hederacea', 'Acer campestre', 'Arrhenatherum elatius', 'Carduus crispus', 'Ulmus procera agg.']",51.9714398340817,0.441257077150634,567789,233144,"TL 67789 33144",5,6,51.9714398340817,0.441257077150634,567789,233144,"TL 67789 33144",5,6,51.9714398340817,0.441257077150634,567789,233144,"TL 67789 33144",5,6
4,2021-06-20,19,"TL6781733141","P6200037","P6200038",4,0,"['Eupatorium cannabinum', 'Carex acutiformis', 'Galium aparine', 'Silene dioica', 'Filipendula ulmaria', 'Urtica dioica', 'Calystegia sepium', 'Carduus crispus', 'Scrophularia auriculata', 'Veronica beccabunga', 'Nasturtium officinale', 'Mentha aquatica']",51.9714307845081,0.441693385452312,567819,233144,"TL 67819 33144",6,6,51.9714307845081,0.441693385452312,567819,233144,"TL 67819 33144",6,6,51.9714307845081,0.441693385452312,567819,233144,"TL 67819 33144",6,6
4,2020-06-20,21,"TL6781433147","P6200046","P6200047",3,10,"['Filipendula ulmaria', 'Nasturtium officinale', 'Carex acutiformis', 'Galium aparine', 'Mentha aquatica', 'Silene dioica', 'Eupatorium cannabinum', 'Calystegia sepium', 'Carduus crispus', 'Myosotis sylvatica', 'Mercurialis perennis']",51.9714307845081,0.441693385452312,567819,233144,"TL 67819 33144",6,6,51.9714307845081,0.441693385452312,567819,233144,"TL 67819 33144",6,6,51.9714307845081,0.441693385452312,567819,233144,"TL 67819 33144",6,6
4,2019-06-21,47,"TL6781733143","P6210053","P6210054",2,0,"['Cirsium arvense', 'Silene dioica', 'Galium aparine', 'Carex acutiformis', 'Urtica dioica', 'Calystegia sepium', 'Eupatorium cannabinum', 'Ulmus procera', 'Filipendula ulmaria', 'Myosotis sylvatica']",51.9714307845081,0.441693385452312,567819,233144,"TL 67819 33144",6,6,51.9714307845081,0.441693385452312,567819,233144,"TL 67819 33144",6,6,51.9714307845081,0.441693385452312,567819,233144,"TL 67819 33144",6,6
4,2022-06-25,31,"TL678183144","P6250064","P6250065",5,0,"['Carex acutiformis', 'Nasturtium officinale', 'Mentha aquatica', 'Solanum dulcamara', 'Calystegia sepium', 'Eupatorium cannabinum', 'Veronica beccabunga', 'Carduus crispus', 'Filipendula ulmaria', 'Berula erecta']",51.9714307845081,0.441693385452312,567819,233144,"TL 67819 33144",6,6,51.9714307845081,0.441693385452312,567819,233144,"TL 67819 33144",6,6,51.9714307845081,0.441693385452312,567819,233144,"TL 67819 33144",6,6
5,2019-06-21,22,"TL6808733060","P6210003","P6210004",1,90,"['Mercurialis perennis', 'Urtica dioica', 'Galium aparine', 'Galium verum', 'Glechoma hederacea', 'Adoxa moschatellina', 'Brachythecium rutabulum', 'Kindbergia praelonga', 'Salix sp.', 'Poa trivialis', 'Silene dioica']",51.9705408368008,0.445576120122641,568089,233054,"TL 68089 33054",15,3,51.9705408368008,0.445576120122641,568089,233054,"TL 68089 33054",15,3,51.9705408368008,0.445576120122641,568089,233054,"TL 68089 33054",15,3
5,2022-06-25,8,"TL6808833054","P6250017","P6250018",4,35,"['Ranunculus repens', 'Stachys sylvatica', 'Scrophularia auriculata', 'Urtica dioica', 'Rumex sanguineus', 'Myosotis sylvatica', 'Glechoma hederacea', 'Poa trivialis']",51.9705408368008,0.445576120122641,568089,233054,"TL 68089 33054",15,3,51.9705408368008,0.445576120122641,568089,233054,"TL 68089 33054",15,3,51.9705408368008,0.445576120122641,568089,233054,"TL 68089 33054",15,3
5,2020-06-19,6,"TL6808533052","P6190011","P6190012",2,35,"['Urtica dioica', 'Rubus fruticosus agg.', 'Silene dioica', 'Galium aparine', 'Holcus lanatus', 'Glechoma hederacea', 'Mercurialis perennis', 'Poa trivialis', 'Ranunculus repens', 'Myosotis sylvatica']",51.9705408368008,0.445576120122641,568089,233054,"TL 68089 33054",15,3,51.9705408368008,0.445576120122641,568089,233054,"TL 68089 33054",15,3,51.9705408368008,0.445576120122641,568089,233054,"TL 68089 33054",15,3
5,2021-06-20,1,"TL6809333054","P6200001","P6200002",2,45,"['Galium aparine', 'Rubus fruticosus', 'Glechoma hederacea', 'Holcus lanatus', 'Urtica dioica', 'Silene dioica', 'Mercurialis perennis', 'Arrhenatherum elatius', 'Heracleum sphondylium', 'Rubus caesius', 'Anisantha sterilis', 'Poa trivialis']",51.9705408368008,0.445576120122641,568089,233054,"TL 68089 33054",15,3,51.9705408368008,0.445576120122641,568089,233054,"TL 68089 33054",15,3,51.9705408368008,0.445576120122641,568089,233054,"TL 68089 33054",15,3
6,2020-06-21,6,"TL6776233143","P6210009","P6210010",1,0,"['Rumex obtusifolius', 'Urtica dioica', 'Arrhenatherum elatius', 'Dactylis glomerata', 'Cirsium vulgare', 'Cirsium arvense', 'Anisantha sterilis', 'Festuca rubra', 'Poa trivialis', 'Geum urbanum', 'Silene dioica', 'Tripleurospermum inodorum', 'Veronica chamaedrys', 'Myosotis arvensis', 'Galium aparine', 'Schedonorus arundinaceus', 'Lamium album', 'Bromus hordeaceus']",51.97144888204,0.440820768619296,567759,233144,"TL 67759 33144",4,6,51.97144888204,0.440820768619296,567759,233144,"TL 67759 33144",4,6,51.97144888204,0.440820768619296,567759,233144,"TL 67759 33144",4,6
6,2022-06-25,29,"TL6776133144","P6250059","P6250060",1,1,"['Urtica dioica', 'Rumex obtusifolius', 'Holcus lanatus', 'Dactylis glomerata', 'Poa trivialis', 'Galium aparine', 'Anisantha sterilis', 'Crataegus monogyna', 'Quercus robur', 'Arrhenatherum elatius']",51.97144888204,0.440820768619296,567759,233144,"TL 67759 33144",4,6,51.97144888204,0.440820768619296,567759,233144,"TL 67759 33144",4,6,51.97144888204,0.440820768619296,567759,233144,"TL 67759 33144",4,6
6,2019-06-20,14,"TL6775833149","P6200027","P6200028",1,20,"['Urtica dioica', 'Galium aparine', 'Poa trivialis', 'Cirsium arvense', 'Arrhenatherum elatius', 'Dactylis glomerata', 'Anisantha sterilis', 'Bromus hordeaceus', 'Mercurialis perennis', 'Arctium minus', 'Kindbergia praelonga', 'Cirsium vulgare', 'Rumex obtusifolius', 'Viola arvensis', 'Lamium album', 'Veronica persica', 'Veronica chamaedrys', 'Poa annua', 'Myosotis arvensis']",51.97144888204,0.440820768619296,567759,233144,"TL 67759 33144",4,6,51.97144888204,0.440820768619296,567759,233144,"TL 67759 33144",4,6,51.97144888204,0.440820768619296,567759,233144,"TL 67759 33144",4,6
6,2021-06-21,10,"TL6775933148","P6210087","P6210088",1,15,"['Urtica dioica', 'Galium aparine', 'Rumex obtusifolius', 'Arrhenatherum elatius', 'Poa trivialis', 'Bromus commutatus', 'Carduus crispus', 'Jacobaea vulgaris', 'Holcus lanatus', 'Dactylis glomerata', 'Crataegus monogyna', 'Anisantha sterilis', 'Cerastium fontanum', 'Viola arvensis']",51.97144888204,0.440820768619296,567759,233144,"TL 67759 33144",4,6,51.97144888204,0.440820768619296,567759,233144,"TL 67759 33144",4,6,51.97144888204,0.440820768619296,567759,233144,"TL 67759 33144",4,6
7,2019-06-21,34,"TL6790833144","P6210027","P6210028",1,75,"['Urtica dioica', 'Mercurialis perennis', 'Galium aparine', 'Glechoma hederacea', 'Kindbergia praelonga', 'Brachythecium rutabulum', 'Ulmus procera', 'Sambucus nigra']",51.9714036260955,0.443002308978971,567909,233144,"TL 67909 33144",9,6,51.9714036260955,0.443002308978971,567909,233144,"TL 67909 33144",9,6,51.9714036260955,0.443002308978971,567909,233144,"TL 67909 33144",9,6
7,2020-06-20,4,"TL6790733140","P6200008","P6200009",1,90,"['Mercurialis perennis', 'Glechoma hederacea', 'Kindbergia praelonga', 'Malus sylvestris', 'Ulmus procera']",51.9714036260955,0.443002308978971,567909,233144,"TL 67909 33144",9,6,51.9714036260955,0.443002308978971,567909,233144,"TL 67909 33144",9,6,51.9714036260955,0.443002308978971,567909,233144,"TL 67909 33144",9,6
7,2022-06-25,20,"TL6790933144","P6250041","P6250042",1,80,"['Urtica dioica', 'Glechoma hederacea', 'Silene dioica', 'Mercurialis perennis', 'Quercus robur']",51.9714036260955,0.443002308978971,567909,233144,"TL 67909 33144",9,6,51.9714036260955,0.443002308978971,567909,233144,"TL 67909 33144",9,6,51.9714036260955,0.443002308978971,567909,233144,"TL 67909 33144",9,6
7,2021-06-20,12,"TL6791133153","P6200023","P6200024",1,98,"['Mercurialis perennis', 'Urtica dioica', 'Rubus fruticosus', 'Fagus sylvatica', 'Malus sylvestris', 'Ulmus procera', 'Acer campestre']",51.9714036260955,0.443002308978971,567909,233144,"TL 67909 33144",9,6,51.9714036260955,0.443002308978971,567909,233144,"TL 67909 33144",9,6,51.9714036260955,0.443002308978971,567909,233144,"TL 67909 33144",9,6
8,2019-06-20,19,"TL6784733148","P6200037","P6200038",1,85,"['Eupatorium cannabinum', 'Galium aparine', 'Urtica dioica', 'Silene dioica', 'Glechoma hederacea', 'Mentha aquatica', 'Poa trivialis', 'Filipendula ulmaria', 'Myosotis sylvatica', 'Brachythecium rutabulum', 'Kindbergia praelonga', 'Ranunculus repens']",51.9714217333193,0.442129693524288,567849,233144,"TL 67849 33144",7,6,51.9714217333193,0.442129693524288,567849,233144,"TL 67849 33144",7,6,51.9714217333193,0.442129693524288,567849,233144,"TL 67849 33144",7,6
8,2021-06-20,15,"TL6784833144","P6200029","P6200030",2,85,"['Eupatorium cannabinum', 'Ranunculus repens', 'Galium aparine', 'Arctium minus', 'Myosotis sylvatica', 'Poa trivialis', 'Cirsium vulgare', 'Glechoma hederacea']",51.9714217333193,0.442129693524288,567849,233144,"TL 67849 33144",7,6,51.9714217333193,0.442129693524288,567849,233144,"TL 67849 33144",7,6,51.9714217333193,0.442129693524288,567849,233144,"TL 67849 33144",7,6
8,2020-06-20,8,"TL6784533142","P6200017","P6200018",1,85,"['Carduus crispus', 'Eupatorium cannabinum', 'Glechoma hederacea', 'Arctium minus', 'Galium aparine', 'Silene dioica', 'Urtica dioica', 'Myosotis sylvatica', 'Poa trivialis', 'Fraxinus excelsior', 'Filipendula ulmaria']",51.9714217333193,0.442129693524288,567849,233144,"TL 67849 33144",7,6,51.9714217333193,0.442129693524288,567849,233144,"TL 67849 33144",7,6,51.9714217333193,0.442129693524288,567849,233144,"TL 67849 33144",7,6
8,2022-06-25,23,"TL6784933142","P6250047","P6250048",2,85,"['Urtica dioica', 'Galium aparine', 'Silene dioica', 'Eupatorium cannabinum', 'Poa trivialis', 'Glechoma hederacea', 'Ranunculus repens', 'Mentha aquatica', 'Myosotis sylvatica', 'Carex acutiformis', 'Urtica spp. galeopsifolia', 'Brachypodium sylvaticum', 'Filipendula ulmaria', 'Mercurialis perennis', 'Carex pendula']",51.9714217333193,0.442129693524288,567849,233144,"TL 67849 33144",7,6,51.9714217333193,0.442129693524288,567849,233144,"TL 67849 33144",7,6,51.9714217333193,0.442129693524288,567849,233144,"TL 67849 33144",7,6
9,2021-06-20,13,"TL6788233149","P6200025","P6200026",1,95,"['Urtica dioica', 'Silene dioica', 'Galium aparine', 'Glechoma hederacea', 'Myosotis sylvatica', 'Sambucus nigra', 'Kindbergia praelonga', 'Ulmus procera']",51.9714126805151,0.442566001366521,567879,233144,"TL 67879 33144",8,6,51.9714126805151,0.442566001366521,567879,233144,"TL 67879 33144",8,6,51.9714126805151,0.442566001366521,567879,233144,"TL 67879 33144",8,6
9,2020-06-20,5,"TL6788333147","P6200010","P6200011",1,85,"['Mercurialis perennis', 'Urtica dioica', 'Glechoma hederacea', 'Ulmus procera', 'Galium aparine', 'Sambucus nigra', 'Silene dioica', 'Brachythecium rutabulum']",51.9714126805151,0.442566001366521,567879,233144,"TL 67879 33144",8,6,51.9714126805151,0.442566001366521,567879,233144,"TL 67879 33144",8,6,51.9714126805151,0.442566001366521,567879,233144,"TL 67879 33144",8,6
9,2022-06-25,21,"TL679803315","P6250043","P6250044",1,95,"['Urtica dioica', 'Galium aparine', 'Glechoma hederacea', 'Mercurialis perennis', 'Ulmus procera agg.', 'Myosotis sylvatica']",51.9714126805151,0.442566001366521,567879,233144,"TL 67879 33144",8,6,51.9714126805151,0.442566001366521,567879,233144,"TL 67879 33144",8,6,51.9714126805151,0.442566001366521,567879,233144,"TL 67879 33144",8,6
9,2019-06-20,20,"TL6787633150","P6200039","P6200040",1,98,"['Silene dioica', 'Glechoma hederacea', 'Poa trivialis', 'Mercurialis perennis', 'Galium aparine', 'Veronica montana', 'Bromopsis ramosa', 'Ranunculus repens', 'Myosotis sylvatica']",51.9714126805151,0.442566001366521,567879,233144,"TL 67879 33144",8,6,51.9714126805151,0.442566001366521,567879,233144,"TL 67879 33144",8,6,51.9714126805151,0.442566001366521,567879,233144,"TL 67879 33144",8,6
10,2022-06-25,14,"TL6791033025","P6250029","P6250030",2,35,"['Rubus fruticosus agg.', 'Holcus lanatus', 'Calystegia sepium', 'Urtica dioica', 'Equisetum arvense', 'Stachys sylvatica', 'Poa trivialis', 'Glechoma hederacea', 'Galium aparine', 'Salix cinerea', 'Cardamine flexuosa', 'Carex pendula', 'Carex otrubae', 'Scrophularia auriculata', 'Epilobium hirsutum', 'Rumex sanguineus']",51.9703257188289,0.442943665862243,567909,233024,"TL 67909 33024",9,2,51.9703257188289,0.442943665862243,567909,233024,"TL 67909 33024",9,2,51.9703257188289,0.442943665862243,567909,233024,"TL 67909 33024",9,2
10,2021-06-21,9,"TL6791033024","P6210073","P6210074",2,15,"['Rubus fruticosus', 'Solanum dulcamara', 'Urtica dioica', 'Salix cinerea', 'Calystegia sepium', 'Juncus inflexus', 'Carex pendula', 'Filipendula ulmaria', 'Equisetum arvense', 'Carduus crispus', 'Galium aparine']",51.9703257188289,0.442943665862243,567909,233024,"TL 67909 33024",9,2,51.9703257188289,0.442943665862243,567909,233024,"TL 67909 33024",9,2,51.9703257188289,0.442943665862243,567909,233024,"TL 67909 33024",9,2
10,2020-06-20,24,"TL6790033023","P6200053","P6200054",2,2,"['Rubus fruticosus agg.', 'Prunus spinosa', 'Cornus sanguinea', 'Sambucus nigra', 'Carduus crispus', 'Salix cinerea subsp. cinerea', 'Rosa canina agg.']",51.9703257188289,0.442943665862243,567909,233024,"TL 67909 33024",9,2,51.9703257188289,0.442943665862243,567909,233024,"TL 67909 33024",9,2,51.9703257188289,0.442943665862243,567909,233024,"TL 67909 33024",9,2
10,2019-06-21,41,"TL6790933031","P6210041","P6210042",3,0,"['Filipendula ulmaria', 'Cirsium arvense', 'Juncus inflexus', 'Calystegia sepium', 'Angelica sylvestris', 'Hypericum tetrapterum', 'Lathyrus pratensis', 'Poa trivialis', 'Urtica dioica', 'Rubus fruticosus agg.', 'Cardamine flexuosa', 'Equisetum arvense', 'Silene dioica', 'Brachythecium rutabulum', 'Rumex sanguineus', 'Epilobium hirsutum', 'Carex pendula']",51.9703257188289,0.442943665862243,567909,233024,"TL 67909 33024",9,2,51.9703257188289,0.442943665862243,567909,233024,"TL 67909 33024",9,2,51.9703257188289,0.442943665862243,567909,233024,"TL 67909 33024",9,2
11,2021-06-21,6,"TL6793633026","P6210067","P6210068",2,60,"['Urtica dioica', 'Humulus lupulus', 'Salix aurita', 'Calystegia sepium', 'Galium aparine', 'Rubus fruticosus', 'Glechoma hederacea', 'Salix alba', 'Carex pendula', 'Stachys sylvatica', 'Angelica sylvestris', 'Ranunculus repens', 'Poa trivialis', 'Symphytum x uplandicum']",51.9703166631429,0.443379962795786,567939,233024,"TL 67939 33024",10,2,51.9703166631429,0.443379962795786,567939,233024,"TL 67939 33024",10,2,51.9703166631429,0.443379962795786,567939,233024,"TL 67939 33024",10,2
11,2020-06-20,27,"TL6793933025","P6200059","P6200060",2,45,"['Stachys sylvatica', 'Carduus crispus', 'Carex pendula', 'Holcus lanatus', 'Silene dioica', 'Urtica dioica', 'Scrophularia auriculata', 'Lapsana communis', 'Adoxa moschatellina', 'Symphytum x uplandicum', 'Rumex sanguineus', 'Galium aparine', 'Mercurialis perennis', 'Sambucus nigra', 'Rubus fruticosus agg.', 'Poa trivialis', 'Barbarea vulgaris', 'Bromopsis ramosa']",51.9703166631429,0.443379962795786,567939,233024,"TL 67939 33024",10,2,51.9703166631429,0.443379962795786,567939,233024,"TL 67939 33024",10,2,51.9703166631429,0.443379962795786,567939,233024,"TL 67939 33024",10,2
11,2022-06-25,17,"TL6793833024","P6250035","P6250036",1,70,"['Symphytum x uplandicum', 'Urtica dioica', 'Carex pendula', 'Poa trivialis', 'Ranunculus repens', 'Rubus fruticosus agg.', 'Glechoma hederacea', 'Lapsana communis', 'Mentha aquatica', 'Scrophularia auriculata', 'Angelica sylvestris', 'Stachys sylvatica', 'Solanum dulcamara']",51.9703166631429,0.443379962795786,567939,233024,"TL 67939 33024",10,2,51.9703166631429,0.443379962795786,567939,233024,"TL 67939 33024",10,2,51.9703166631429,0.443379962795786,567939,233024,"TL 67939 33024",10,2
11,2019-06-21,30,"TL6794033032","P6210019","P6210020",1,95,"['Urtica dioica', 'Mercurialis perennis', 'Rumex sanguineus', 'Carex pendula', 'Poa trivialis', 'Galium aparine', 'Adoxa moschatellina', 'Glechoma hederacea', 'Kindbergia praelonga', 'Salix sp.', 'Prunus spinosa']",51.9703166631429,0.443379962795786,567939,233024,"TL 67939 33024",10,2,51.9703166631429,0.443379962795786,567939,233024,"TL 67939 33024",10,2,51.9703166631429,0.443379962795786,567939,233024,"TL 67939 33024",10,2
16,2022-06-26,33,"TL6769733294","P6260078","P6260079",2,15,"['Carduus crispus', 'Cirsium palustre', 'Holcus lanatus', 'Arrhenatherum elatius', 'Angelica sylvestris', 'Stachys sylvatica', 'Scrophularia auriculata', 'Poa trivialis', 'Symphytum x uplandicum', 'Carex acutiformis', 'Hypericum tetrapterum', 'Pulicaria dysenterica', 'Mentha aquatica', 'Urtica dioica', 'Lotus pedunculatus', 'Filipendula ulmaria', 'Vicia cracca']",51.972814359899,0.440021368498216,567699,233294,"TL 67699 33294",2,11,51.972814359899,0.440021368498216,567699,233294,"TL 67699 33294",2,11,51.972814359899,0.440021368498216,567699,233294,"TL 67699 33294",2,11
16,2020-06-20,18,"TL6769833299","P6200040","P6200041",2,5,"['Silene dioica', 'Mentha aquatica', 'Cirsium palustre', 'Holcus lanatus', 'Carduus crispus', 'Cirsium vulgare', 'Galium aparine', 'Epilobium hirsutum', 'Filipendula ulmaria', 'Hypericum tetrapterum', 'Ranunculus repens', 'Carex acutiformis', 'Plantago major', 'Juncus inflexus', 'Galium sp.', 'Geranium dissectum', 'Myosotis laxa', 'Vicia cracca']",51.972814359899,0.440021368498216,567699,233294,"TL 67699 33294",2,11,51.972814359899,0.440021368498216,567699,233294,"TL 67699 33294",2,11,51.972814359899,0.440021368498216,567699,233294,"TL 67699 33294",2,11
16,2021-06-20,25,"TL6769833294","P6200049","P6200050",2,15,"['Carex acutiformis', 'Scrophularia auriculata', 'Symphytum x uplandicum', 'Poa trivialis', 'Carduus crispus', 'Arrhenatherum elatius', 'Cirsium palustre', 'Mentha aquatica', 'Pulicaria dysenterica', 'Holcus lanatus', 'Filipendula ulmaria', 'Angelica sylvestris', 'Galium aparine', 'Ranunculus repens', 'Myosotis sylvatica', 'Vicia cracca', 'Hypericum tetrapterum', 'Rubus fruticosus', 'Rumex sanguineus', 'Primula elatior']",51.972814359899,0.440021368498216,567699,233294,"TL 67699 33294",2,11,51.972814359899,0.440021368498216,567699,233294,"TL 67699 33294",2,11,51.972814359899,0.440021368498216,567699,233294,"TL 67699 33294",2,11
16,2019-06-20,3,"TL6769833299","P6200005","P6200006",2,40,"['Anisantha sterilis', 'Galium aparine', 'Carex acutiformis', 'Arrhenatherum elatius', 'Pulicaria dysenterica', 'Lotus pedunculatus', 'Filipendula ulmaria', 'Angelica sylvestris', 'Urtica dioica', 'Ranunculus repens', 'Galium sp.', 'Cirsium palustre', 'Rubus fruticosus agg.', 'Holcus lanatus', 'Jacobaea vulgaris', 'Plantago major', 'Prunella vulgaris', 'Poa trivialis', 'Myosotis sylvatica', 'Sonchus arvensis', 'Heracleum sphondylium', 'Tripleurospermum inodorum']",51.972814359899,0.440021368498216,567699,233294,"TL 67699 33294",2,11,51.972814359899,0.440021368498216,567699,233294,"TL 67699 33294",2,11,51.972814359899,0.440021368498216,567699,233294,"TL 67699 33294",2,11
21,2022-06-25,28,"TL6778933173","P6250057","P6250058",1,65,"['Carex sylvatica', 'Eupatorium cannabinum', 'Poa trivialis', 'Myosotis sylvatica', 'Silene dioica', 'Glechoma hederacea', 'Galium aparine', 'Rubus caesius', 'Mercurialis perennis', 'Ranunculus repens', 'Carduus crispus', 'Holcus lanatus', 'Fraxinus excelsior', 'Rubus caesius', 'Stachys sylvatica']",51.9717093112087,0.441271728054826,567789,233174,"TL 67789 33174",5,7,51.9717093112087,0.441271728054826,567789,233174,"TL 67789 33174",5,7,51.9717093112087,0.441271728054826,567789,233174,"TL 67789 33174",5,7
21,2021-06-20,20,"TL6779033174","P6200039","P6200040",2,99,"['Galium aparine', 'Rubus fruticosus', 'Glechoma hederacea', 'Stachys sylvatica', 'Carduus crispus', 'Mercurialis perennis', 'Eupatorium cannabinum', 'Ranunculus repens', 'Myosotis sylvatica', 'Tilia europaea', 'Sambucus nigra', 'Angelica sylvestris', 'Carex sylvatica', 'Poa trivialis', 'Fraxinus excelsior']",51.9717093112087,0.441271728054826,567789,233174,"TL 67789 33174",5,7,51.9717093112087,0.441271728054826,567789,233174,"TL 67789 33174",5,7,51.9717093112087,0.441271728054826,567789,233174,"TL 67789 33174",5,7
21,2020-06-20,13,"TL6779233178","P6200030","P6200031",2,55,"['Mercurialis perennis', 'Glechoma hederacea', 'Galium aparine', 'Geum urbanum', 'Myosotis sylvatica', 'Brachypodium sylvaticum', 'Ranunculus repens', 'Poa trivialis', 'Fraxinus excelsior']",51.9717093112087,0.441271728054826,567789,233174,"TL 67789 33174",5,7,51.9717093112087,0.441271728054826,567789,233174,"TL 67789 33174",5,7,51.9717093112087,0.441271728054826,567789,233174,"TL 67789 33174",5,7
21,2019-06-20,16,"TL6778933174","P6200031","P6200032",1,5,"['Urtica dioica', 'Myosotis sylvatica', 'Juncus inflexus', 'Carduus crispus', 'Sambucus nigra', 'Rumex sanguineus', 'Glechoma hederacea', 'Galium aparine', 'Mentha aquatica', 'Holcus lanatus', 'Poa trivialis', 'Silene dioica', 'Eupatorium cannabinum', 'Mercurialis perennis', 'Rubus fruticosus agg.']",51.9717093112087,0.441271728054826,567789,233174,"TL 67789 33174",5,7,51.9717093112087,0.441271728054826,567789,233174,"TL 67789 33174",5,7,51.9717093112087,0.441271728054826,567789,233174,"TL 67789 33174",5,7
22,2022-06-25,25,"TL6781933174","P6250051","P6250052",2,35,"['Urtica spp. galeopsifolia', 'Silene dioica', 'Mercurialis perennis', 'Myosotis sylvatica', 'Glechoma hederacea', 'Ulmus procera agg.', 'Poa trivialis', 'Brachypodium sylvaticum']",51.971700261548,0.441708038968896,567819,233174,"TL 67819 33174",6,7,51.971700261548,0.441708038968896,567819,233174,"TL 67819 33174",6,7,51.971700261548,0.441708038968896,567819,233174,"TL 67819 33174",6,7
22,2019-06-20,17,"TL6781833177","P6200033","P6200034",1,85,"['Urtica dioica', 'Mercurialis perennis', 'Galium aparine', 'Glechoma hederacea', 'Sambucus nigra', 'Silene dioica', 'Kindbergia praelonga', 'Circaea lutetiana', 'Brachythecium rutabulum', 'Acer campestre']",51.971700261548,0.441708038968896,567819,233174,"TL 67819 33174",6,7,51.971700261548,0.441708038968896,567819,233174,"TL 67819 33174",6,7,51.971700261548,0.441708038968896,567819,233174,"TL 67819 33174",6,7
22,2020-06-20,10,"TL6781633180","P6200021","P6200022",1,90,"['Urtica dioica', 'Mercurialis perennis', 'Glechoma hederacea', 'Myosotis sylvatica', 'Sambucus nigra', 'Ulmus procera', 'Acer campestre']",51.971700261548,0.441708038968896,567819,233174,"TL 67819 33174",6,7,51.971700261548,0.441708038968896,567819,233174,"TL 67819 33174",6,7,51.971700261548,0.441708038968896,567819,233174,"TL 67819 33174",6,7
22,2021-06-20,17,"TL6781433173","P6200033","P6200034",2,80,"['Urtica dioica', 'Galium aparine', 'Mercurialis perennis', 'Glechoma hederacea', 'Silene dioica', 'Sambucus nigra', 'Myosotis sylvatica', 'Circaea lutetiana', 'Acer campestre']",51.971700261548,0.441708038968896,567819,233174,"TL 67819 33174",6,7,51.971700261548,0.441708038968896,567819,233174,"TL 67819 33174",6,7,51.971700261548,0.441708038968896,567819,233174,"TL 67819 33174",6,7
23,2020-06-21,4,"TL6773233177","P6210007","P6210008",1,5,"['Cirsium vulgare', 'Dactylis glomerata', 'Holcus lanatus', 'Urtica dioica', 'Galium aparine', 'Glechoma hederacea', 'Lapsana communis', 'Rumex obtusifolius', 'Poa trivialis', 'Ulmus procera', 'Sambucus nigra', 'Anisantha sterilis', 'Mercurialis perennis']",51.9717274056842,0.440399105537731,567729,233174,"TL 67729 33174",3,7,51.9717274056842,0.440399105537731,567729,233174,"TL 67729 33174",3,7,51.9717274056842,0.440399105537731,567729,233174,"TL 67729 33174",3,7
23,2022-06-26,43,"TL6773133174","P6260088","P6260089",1,35,"['Galium aparine', 'Urtica dioica', 'Arrhenatherum elatius', 'Rumex sanguineus', 'Holcus lanatus', 'Rumex obtusifolius', 'Glechoma hederacea', 'Arctium minus', 'Sambucus nigra', 'Ulmus procera agg.', 'Crataegus monogyna', 'Dactylis glomerata']",51.9717274056842,0.440399105537731,567729,233174,"TL 67729 33174",3,7,51.9717274056842,0.440399105537731,567729,233174,"TL 67729 33174",3,7,51.9717274056842,0.440399105537731,567729,233174,"TL 67729 33174",3,7
23,2019-06-20,13,"TL6772933181","P6200025","P6200026",1,65,"['Urtica dioica', 'Galium aparine', 'Crataegus monogyna', 'Rumex sanguineus', 'Glechoma hederacea', 'Cirsium vulgare', 'Ulmus procera', 'Poa trivialis', 'Sisymbrium officinale', 'Holcus lanatus', 'Dactylis glomerata', 'Mercurialis perennis', 'Taraxacum officinale agg.', 'Tripleurospermum inodorum', 'Veronica persica', 'Lapsana communis', 'Bromus hordeaceus', 'Rumex obtusifolius', 'Anisantha sterilis']",51.9717274056842,0.440399105537731,567729,233174,"TL 67729 33174",3,7,51.9717274056842,0.440399105537731,567729,233174,"TL 67729 33174",3,7,51.9717274056842,0.440399105537731,567729,233174,"TL 67729 33174",3,7
23,2021-06-21,17,"TL6772933157","P6210089","P6210090",1,25,"['Arrhenatherum elatius', 'Galium aparine', 'Sambucus nigra', 'Dactylis glomerata', 'Urtica dioica', 'Glechoma hederacea', 'Arctium minus', 'Ulmus procera', 'Bromus commutatus', 'Rumex obtusifolius', 'Sisymbrium officinale', 'Holcus lanatus', 'Lapsana communis', 'Tripleurospermum inodoratum', 'Anisantha sterilis']",51.9717274056842,0.440399105537731,567729,233174,"TL 67729 33174",3,7,51.9717274056842,0.440399105537731,567729,233174,"TL 67729 33174",3,7,51.9717274056842,0.440399105537731,567729,233174,"TL 67729 33174",3,7
24,2022-06-26,32,"TL6776233170","P6260066","P6260067",1,75,"['Rubus fruticosus', 'Urtica dioica', 'Mercurialis perennis', 'Galium aparine', 'Poa trivialis']",51.9717183592541,0.440835416911092,567759,233174,"TL 67759 33174",4,7,51.9717183592541,0.440835416911092,567759,233174,"TL 67759 33174",4,7,51.9717183592541,0.440835416911092,567759,233174,"TL 67759 33174",4,7
24,2019-06-20,15,"TL6775733177","P6200029","P6200030",1,5,"['Rubus fruticosus agg.', 'Urtica dioica', 'Galium aparine', 'Rumex sanguineus', 'Myosotis sylvatica', 'Carduus crispus', 'Glechoma hederacea', 'Silene dioica', 'Prunus spinosa', 'Holcus lanatus', 'Poa trivialis', 'Carex pendula', 'Kindbergia praelonga', 'Sambucus nigra', 'Cirsium vulgare']",51.9717183592541,0.440835416911092,567759,233174,"TL 67759 33174",4,7,51.9717183592541,0.440835416911092,567759,233174,"TL 67759 33174",4,7,51.9717183592541,0.440835416911092,567759,233174,"TL 67759 33174",4,7
24,2020-06-20,34,"TL6775033174","P6200073","P6200074",1,0,"['Rubus fruticosus agg.', 'Carex pendula', 'Silene dioica', 'Mercurialis perennis', 'Glechoma hederacea', 'Cirsium vulgare', 'Carduus crispus', 'Myosotis sylvatica', 'Poa trivialis', 'Arrhenatherum elatius', 'Dactylis glomerata', 'Anisantha sterilis', 'Urtica dioica']",51.9717183592541,0.440835416911092,567759,233174,"TL 67759 33174",4,7,51.9717183592541,0.440835416911092,567759,233174,"TL 67759 33174",4,7,51.9717183592541,0.440835416911092,567759,233174,"TL 67759 33174",4,7
24,2021-06-21,18,"TL6776033176","P6210091","P6210092",1,45,"['Rubus fruticosus', 'Urtica dioica', 'Carduus crispus', 'Galium aparine', 'Prunus spinosa', 'Galium aparine', 'Rumex sanguineus', 'Cirsium vulgare', 'Silene dioica', 'Poa trivialis', 'Myosotis sylvatica', 'Ulmus procera', 'Glechoma hederacea', 'Mercurialis perennis', 'Kindbergia praelonga']",51.9717183592541,0.440835416911092,567759,233174,"TL 67759 33174",4,7,51.9717183592541,0.440835416911092,567759,233174,"TL 67759 33174",4,7,51.9717183592541,0.440835416911092,567759,233174,"TL 67759 33174",4,7
25,2021-06-20,16,"TL6785033176","P6200031","P6200032",1,40,"['Urtica dioica', 'Galium aparine', 'Mercurialis perennis', 'Glechoma hederacea', 'Kindbergia praelonga', 'Brachythecium rutabulum', 'Quercus robur']",51.9716912102719,0.442144349653258,567849,233174,"TL 67849 33174",7,7,51.9716912102719,0.442144349653258,567849,233174,"TL 67849 33174",7,7,51.9716912102719,0.442144349653258,567849,233174,"TL 67849 33174",7,7
25,2019-06-20,18,"TL6785133176","P6200035","P6200036",1,65,"['Urtica dioica', 'Glechoma hederacea', 'Brachythecium rutabulum', 'Mercurialis perennis', 'Kindbergia praelonga', 'Galium aparine', 'Sambucus nigra']",51.9716912102719,0.442144349653258,567849,233174,"TL 67849 33174",7,7,51.9716912102719,0.442144349653258,567849,233174,"TL 67849 33174",7,7,51.9716912102719,0.442144349653258,567849,233174,"TL 67849 33174",7,7
25,2020-06-20,9,"TL6784933176","P6200001","P6200002",1,10,"['Urtica dioica', 'Mercurialis perennis', 'Galium aparine', 'Brachythecium rutabulum', 'Sambucus nigra']",51.9716912102719,0.442144349653258,567849,233174,"TL 67849 33174",7,7,51.9716912102719,0.442144349653258,567849,233174,"TL 67849 33174",7,7,51.9716912102719,0.442144349653258,567849,233174,"TL 67849 33174",7,7
25,2022-06-25,24,"TL6784833174","P6250049","P6250050",1,85,"['Urtica dioica', 'Galium aparine', 'Mercurialis perennis', 'Glechoma hederacea', 'Sambucus nigra', 'Ulmus procera agg.']",51.9716912102719,0.442144349653258,567849,233174,"TL 67849 33174",7,7,51.9716912102719,0.442144349653258,567849,233174,"TL 67849 33174",7,7,51.9716912102719,0.442144349653258,567849,233174,"TL 67849 33174",7,7
27,2020-06-20,23,"TL6790633051","P6200051","P6200052",2,95,"['Urtica dioica', 'Mercurialis perennis', 'Glechoma hederacea', 'Ulmus procera', 'Silene dioica', 'Poa trivialis', 'Adoxa moschatellina', 'Sambucus nigra', 'Galium aparine', 'Crataegus monogyna']",51.9705951956686,0.442958326296705,567909,233054,"TL 67909 33054",9,3,51.9705951956686,0.442958326296705,567909,233054,"TL 67909 33054",9,3,51.9705951956686,0.442958326296705,567909,233054,"TL 67909 33054",9,3
27,2022-06-25,13,"TL6791033053","P6250027","P6250028",2,60,"['Carex pendula', 'Glechoma hederacea', 'Urtica dioica', 'Poa trivialis', 'Mercurialis perennis', 'Cirsium palustre', 'Ranunculus repens', 'Angelica sylvestris', 'Sambucus nigra', 'Solanum dulcamara', 'Myosotis sp', 'Rubus caesius', 'Cornus sanguinea', 'Fagus sylvatica', 'Silene dioica', 'Galium aparine', 'Mentha aquatica', 'Cardamine flexuosa']",51.9705951956686,0.442958326296705,567909,233054,"TL 67909 33054",9,3,51.9705951956686,0.442958326296705,567909,233054,"TL 67909 33054",9,3,51.9705951956686,0.442958326296705,567909,233054,"TL 67909 33054",9,3
27,2019-06-21,40,"TL6790933060","P6210039","P6210040",1,95,"['Cardamine flexuosa', 'Silene dioica', 'Galium aparine', 'Mercurialis perennis', 'Adoxa moschatellina', 'Arum maculatum', 'Sambucus nigra', 'Glechoma hederacea', 'Kindbergia praelonga', 'Ulmus procera']",51.9705951956686,0.442958326296705,567909,233054,"TL 67909 33054",9,3,51.9705951956686,0.442958326296705,567909,233054,"TL 67909 33054",9,3,51.9705951956686,0.442958326296705,567909,233054,"TL 67909 33054",9,3
27,2021-06-21,17,"TL6790933053","P6210077","P6210078",2,75,"['Glechoma hederacea', 'Urtica dioica', 'Poa trivialis', 'Adoxa moschatellina', 'Silene dioica', 'Galium aparine', 'Cardamine flexuosa', 'Crataegus monogyna', 'Brachythecium rutabulum', 'Fissidens taxifolius var taxifolius']",51.9705951956686,0.442958326296705,567909,233054,"TL 67909 33054",9,3,51.9705951956686,0.442958326296705,567909,233054,"TL 67909 33054",9,3,51.9705951956686,0.442958326296705,567909,233054,"TL 67909 33054",9,3
28,2020-06-20,22,"TL6794133061","P6200048","P6200049",4,10,"['Juncus inflexus', 'Cirsium palustre', 'Holcus lanatus', 'Rubus fruticosus agg.', 'Prunus spinosa', 'Juncus inflexus', 'Cardamine flexuosa', 'Filipendula ulmaria', 'Urtica dioica', 'Epilobium hirsutum', 'Scrophularia auriculata', 'Fraxinus excelsior', 'Mentha aquatica', 'Solanum dulcamara', 'Rosa sp.']",51.9705861398954,0.443394625842458,567939,233054,"TL 67939 33054",10,3,51.9705861398954,0.443394625842458,567939,233054,"TL 67939 33054",10,3,51.9705861398954,0.443394625842458,567939,233054,"TL 67939 33054",10,3
28,2019-06-21,31,"TL6793333057","P6210021","P6210022",3,5,"['Juncus effusus', 'Juncus inflexus', 'Filipendula ulmaria', 'Carex pendula', 'Angelica sylvestris', 'Epilobium hirsutum', 'Carduus crispus', 'Cirsium palustre', 'Scrophularia auriculata', 'Solanum dulcamara', 'Mentha aquatica', 'Poa trivialis', 'Urtica dioica', 'Galium aparine', 'Myosotis sylvatica', 'Hypericum tetrapterum', 'Mercurialis perennis', 'Dryopteris felix-mas', 'Glechoma hederacea', 'Kindbergia praelonga', 'Cardamine flexuosa', 'Holcus lanatus']",51.9705861398954,0.443394625842458,567939,233054,"TL 67939 33054",10,3,51.9705861398954,0.443394625842458,567939,233054,"TL 67939 33054",10,3,51.9705861398954,0.443394625842458,567939,233054,"TL 67939 33054",10,3
28,2021-06-21,5,"TL6793133054","P6210065","P6210066",5,5,"['Juncus effusus', 'Juncus inflexus', 'Carex pendula', 'Scrophularia auriculata', 'Mentha aquatica', 'Nasturtium officinale', 'Silene dioica', 'Poa trivialis', 'Solanum dulcamara', 'Cirsium palustre', 'Mentha aquatica', 'Rubus fruticosus', 'Filipendula ulmaria']",51.9705861398954,0.443394625842458,567939,233054,"TL 67939 33054",10,3,51.9705861398954,0.443394625842458,567939,233054,"TL 67939 33054",10,3,51.9705861398954,0.443394625842458,567939,233054,"TL 67939 33054",10,3
28,2022-06-25,18,"TL6793933054","P6250037","P6250038",3,85,"['Urtica dioica', 'Mentha aquatica', 'Solanum dulcamara', 'Carex pendula', 'Cardamine flexuosa', 'Nasturtium officinale', 'Cirsium palustre', 'Glechoma hederacea', 'Angelica sylvestris', 'Stachys sylvatica', 'Silene dioica', 'Salix cinerea']",51.9705861398954,0.443394625842458,567939,233054,"TL 67939 33054",10,3,51.9705861398954,0.443394625842458,567939,233054,"TL 67939 33054",10,3,51.9705861398954,0.443394625842458,567939,233054,"TL 67939 33054",10,3
30,2022-06-26,46,"TL6787933053","P6260094","P6260095",1,95,"['Urtica dioica', 'Glechoma hederacea', 'Acer campestre', 'Sambucus nigra', 'Silene dioica', 'Myosotis sylvatica', 'Rubus fruticosus agg.']",51.9706042498265,0.442522026521143,567879,233054,"TL 67879 33054",8,3,51.9706042498265,0.442522026521143,567879,233054,"TL 67879 33054",8,3,51.9706042498265,0.442522026521143,567879,233054,"TL 67879 33054",8,3
30,2019-06-21,39,"TL6788033065","P6210037","P6210038",1,0,"['Urtica dioica', 'Rubus fruticosus agg.', 'Galium aparine', 'Cirsium arvense', 'Angelica sylvestris', 'Solanum dulcamara', 'Epilobium hirsutum', 'Acer campestre', 'Kindbergia praelonga', 'Silene dioica', 'Quercus robur']",51.9706042498265,0.442522026521143,567879,233054,"TL 67879 33054",8,3,51.9706042498265,0.442522026521143,567879,233054,"TL 67879 33054",8,3,51.9706042498265,0.442522026521143,567879,233054,"TL 67879 33054",8,3
30,2021-06-21,13,"TL6787933054","P6210079","P6210080",2,2,"['Rubus fruticosus', 'Galium aparine', 'Epilobium hirsutum', 'Heracleum sphondylium', 'Urtica dioica', 'Solanum dulcamara', 'Silene dioica']",51.9706042498265,0.442522026521143,567879,233054,"TL 67879 33054",8,3,51.9706042498265,0.442522026521143,567879,233054,"TL 67879 33054",8,3,51.9706042498265,0.442522026521143,567879,233054,"TL 67879 33054",8,3
30,2020-06-20,28,"TL6787833058","P6200061","P6200062",1,65,"['Urtica dioica', 'Galium aparine', 'Glechoma hederacea', 'Silene dioica', 'Rubus fruticosus agg.', 'Sambucus nigra', 'Acer campestre', 'Carduus crispus', 'Poa trivialis']",51.9706042498265,0.442522026521143,567879,233054,"TL 67879 33054",8,3,51.9706042498265,0.442522026521143,567879,233054,"TL 67879 33054",8,3,51.9706042498265,0.442522026521143,567879,233054,"TL 67879 33054",8,3
31,2021-06-20,3,"TL6802633060","P6200005","P6200006",4,5,"['Carex pendula', 'Filipendula ulmaria', 'Stachys sylvatica', 'Urtica dioica', 'Rubus fruticosus', 'Galium aparine', 'Scrophularia auriculata', 'Mercurialis perennis', 'Juncus effusus', 'Jucus inflexus', 'Holcus lanatus', 'Poa trivialis', 'Glechoma hederacea', 'Epilobium hirsutum', 'Solanum dulcamara', 'Arrhenatherum elatius', 'Persicaria lapathifolia', 'Sonchus sp?', 'Ranunculus repens', 'Brachypodium sylvaticum']",51.9705589628844,0.444703523100446,568029,233054,"TL 68029 33054",13,3,51.9705589628844,0.444703523100446,568029,233054,"TL 68029 33054",13,3,51.9705589628844,0.444703523100446,568029,233054,"TL 68029 33054",13,3
31,2022-06-24,4,"TL6802933055","P6240007","P6240008",5,5,"['Carex pendula', 'Juncus effusus', 'Glyceria notata', 'Carex otrubae', 'Mentha aquatica', 'Rorippa nasturtium-aquaticum', 'Juncus inflexus', 'Filipendula ulmaria']",51.9705589628844,0.444703523100446,568029,233054,"TL 68029 33054",13,3,51.9705589628844,0.444703523100446,568029,233054,"TL 68029 33054",13,3,51.9705589628844,0.444703523100446,568029,233054,"TL 68029 33054",13,3
31,2019-06-21,23,"TL6802433060","P6210005","P6210006",1,85,"['Stachys sylvatica', 'Galium aparine', 'Glechoma hederacea', 'Rubus fruticosus agg.', 'Poa trivialis', 'Arrhenatherum elatius', 'Heracleum sphondylium', 'Rumex sanguineus', 'Anisantha sterilis', 'Filipendula ulmaria', 'Brachypodium sylvaticum', 'Rubus caesius', 'Holcus lanatus', 'Dactylis glomerata']",51.9705589628844,0.444703523100446,568029,233054,"TL 68029 33054",13,3,51.9705589628844,0.444703523100446,568029,233054,"TL 68029 33054",13,3,51.9705589628844,0.444703523100446,568029,233054,"TL 68029 33054",13,3
31,2020-06-19,4,"TL6803133061","P6190007","P6190008",2,5,"['Rumex sanguineus', 'Juncus effusus', 'Urtica dioica', 'Galium aparine', 'Mercurialis perennis', 'Rubus caesius', 'Glechoma hederacea', 'Silene dioica', 'Poa trivialis', 'Holcus lanatus', 'Scrophularia auriculata', 'Anisantha sterilis', 'Carex pendula', 'Salix aurita', 'Sonchus asper', 'Epilobium hirsutum', 'Stachys sylvatica', 'Filipendula ulmaria', 'Arrhenatherum elatius', 'Myosotis sylvatica']",51.9705589628844,0.444703523100446,568029,233054,"TL 68029 33054",13,3,51.9705589628844,0.444703523100446,568029,233054,"TL 68029 33054",13,3,51.9705589628844,0.444703523100446,568029,233054,"TL 68029 33054",13,3
32,2019-06-21,24,"TL6805533056","P6210007","P6210008",1,80,"['Urtica dioica', 'Rubus fruticosus agg.', 'Silene dioica', 'Myosotis sylvatica', 'Stachys sylvatica', 'Anisantha sterilis', 'Glechoma hederacea', 'Adoxa moschatellina', 'Ulmus procera', 'Kindbergia praelonga', 'Bromopsis ramosa', 'Brachythecium rutabulum', 'Carduus crispus']",51.9705499006502,0.445139821726551,568059,233054,"TL 68059 33054",14,3,51.9705499006502,0.445139821726551,568059,233054,"TL 68059 33054",14,3,51.9705499006502,0.445139821726551,568059,233054,"TL 68059 33054",14,3
32,2022-06-25,7,"TL6805833055","P6250015","P6250016",2,85,"['Urtica dioica', 'Galium aparine', 'Stachys sylvatica', 'Bromopsis ramosa', 'Silene dioica', 'Mercurialis perennis', 'Glechoma hederacea', 'Poa trivialis', 'Holcus lanatus', 'Myosotis sylvatica', 'Primula vulgaris', 'Ulmus procera agg.']",51.9705499006502,0.445139821726551,568059,233054,"TL 68059 33054",14,3,51.9705499006502,0.445139821726551,568059,233054,"TL 68059 33054",14,3,51.9705499006502,0.445139821726551,568059,233054,"TL 68059 33054",14,3
32,2020-06-19,5,"TL6805733050","P6190009","P6190010",2,55,"['Ranunculus repens', 'Poa trivialis', 'Juncus inflexus', 'Holcus lanatus', 'Ulmus procera', 'Filipendula ulmaria', 'Agrostis stolonifera', 'Rubus caesius', 'Plantago major', 'Carex otrubae', 'Carex pendula', 'Apium nodiflorum', 'Rumex sanguineus', 'Lolium perenne', 'Vicia tetrasperma', 'Agrostis capillaris', 'Schedonorus giganteus', 'Dactylis glomerata', 'Salix alba', 'Hypericum tetrapterum', 'Glechoma hederacea', 'Galium aparine', 'Sonchus asper', 'Carduus crispus']",51.9705499006502,0.445139821726551,568059,233054,"TL 68059 33054",14,3,51.9705499006502,0.445139821726551,568059,233054,"TL 68059 33054",14,3,51.9705499006502,0.445139821726551,568059,233054,"TL 68059 33054",14,3
32,2021-06-20,2,"TL6805333060","P6200003","P6200004",2,35,"['Urtica dioica', 'Silene dioica', 'Galium aparine', 'Holcus lanatus', 'Stachys sylvatica', 'Glechoma hederacea', 'Ulmus procera', 'Anisantha sterilis', 'Rubus fruticosus', 'Myosotis sylvatica', 'Mercurialis perennis', 'Poa trivialis?', 'Schedonorus giganteus', 'Bromopsis ramosus', 'Geum urbanum', 'Rumex sanguineus', 'Salix cinerea']",51.9705499006502,0.445139821726551,568059,233054,"TL 68059 33054",14,3,51.9705499006502,0.445139821726551,568059,233054,"TL 68059 33054",14,3,51.9705499006502,0.445139821726551,568059,233054,"TL 68059 33054",14,3
33,2019-06-20,12,"TL6770833216","P6200023","P6200024",1,50,"['Dactylis glomerata', 'Cirsium arvense', 'Urtica dioica', 'Galium aparine', 'Rumex obtusifolius', 'Anisantha sterilis', 'Bromus hordeaceus', 'Arrhenatherum elatius', 'Lapsana communis', 'Sisymbrium officinale', 'Poa trivialis', 'Mercurialis perennis', 'Silene dioica', 'Corylus avellana']",51.972005927872,0.439977437231318,567699,233204,"TL 67699 33204",2,8,51.972005927872,0.439977437231318,567699,233204,"TL 67699 33204",2,8,51.972005927872,0.439977437231318,567699,233204,"TL 67699 33204",2,8
33,2021-06-21,2,"TL6769833201","P6210059","P6210060",1,55,"['Urtica dioica', 'Galium aparine', 'Carduus crispus', 'Anisantha sterilis', 'Dactylis glomerata', 'Mercurialis perennis', 'Silene dioica', 'Myosotis arvensis', 'Glechoma hederacea', 'Sambucus nigra', 'Crataegus monogyna', 'Holcus lanatus', 'Arrhenatherum elatius', 'Poa trivialis']",51.972005927872,0.439977437231318,567699,233204,"TL 67699 33204",2,8,51.972005927872,0.439977437231318,567699,233204,"TL 67699 33204",2,8,51.972005927872,0.439977437231318,567699,233204,"TL 67699 33204",2,8
33,2022-06-26,41,"TL6770233205","P6260084","P6260085",1,25,"['Urtica dioica', 'Holcus lanatus', 'Poa trivialis', 'Galium aparine', 'Rumex obtusifolius', 'Dactylis glomerata', 'Glechoma hederacea', 'Anisantha sterilis', 'Carduus crispus', 'Mercurialis perennis', 'Sambucus nigra', 'Crataegus monogyna']",51.972005927872,0.439977437231318,567699,233204,"TL 67699 33204",2,8,51.972005927872,0.439977437231318,567699,233204,"TL 67699 33204",2,8,51.972005927872,0.439977437231318,567699,233204,"TL 67699 33204",2,8
33,2020-06-21,2,"TL6770433209","P6210003","P6210004",1,85,"['Tammus communis', 'Sambucus nigra', 'Carduus crispus', 'Urtica dioica', 'Mercurialis perennis', 'Galium aparine', 'Glechoma hederacea', 'Ribes rubrum', 'Crataegus monogyna', 'Silene dioica', 'Poa trivialis', 'Anisantha sterilis', 'Anthriscus sylvestris']",51.972005927872,0.439977437231318,567699,233204,"TL 67699 33204",2,8,51.972005927872,0.439977437231318,567699,233204,"TL 67699 33204",2,8,51.972005927872,0.439977437231318,567699,233204,"TL 67699 33204",2,8
34,2020-06-19,8,"TL6796733065","P6190015","P6190016",2,20,"['Symphytum x uplandicum', 'Galium aparine', 'Urtica dioica', 'Carex pendula', 'Rubus fruticosus agg.', 'Silene dioica', 'Poa trivialis', 'Rumex sanguineus', 'Corylus avellana', 'Salix cinerea', 'Mercurialis perennis', 'Brachythecium rutabulum']",51.970577082507,0.443830925158359,567969,233054,"TL 67969 33054",11,3,51.970577082507,0.443830925158359,567969,233054,"TL 67969 33054",11,3,51.970577082507,0.443830925158359,567969,233054,"TL 67969 33054",11,3
34,2022-06-25,5,"TL6796733058","P6250011","P6250012",5,10,"['Veronica beccabunga', 'Carex pendula', 'Rubus fruticosus agg.']",51.970577082507,0.443830925158359,567969,233054,"TL 67969 33054",11,3,51.970577082507,0.443830925158359,567969,233054,"TL 67969 33054",11,3,51.970577082507,0.443830925158359,567969,233054,"TL 67969 33054",11,3
34,2021-06-20,8,"TL6796833063","P6200015","P6200016",5,40,"['Veronica beccabunga', 'Plantago major', 'Symphytum x uplandicum', 'Ranunculus repens', 'Rubus fruticosus', 'Carex pendula', 'Angelica sylvestris', 'Cardamine flexuosa', 'Galium aparine', 'Poa trivialis?', 'Salix cinerea', 'Scrophularia auriculata', 'Rumex sanguineus']",51.970577082507,0.443830925158359,567969,233054,"TL 67969 33054",11,3,51.970577082507,0.443830925158359,567969,233054,"TL 67969 33054",11,3,51.970577082507,0.443830925158359,567969,233054,"TL 67969 33054",11,3
34,2019-06-21,29,"TL6796033059","P6210017","P6210018",5,65,"['Urtica dioica', 'Galium aparine', 'Ranunculus repens', 'Humulus lupulus', 'Geranium robertianum', 'Iris pseudacorus', 'Silene dioica', 'Rubus fruticosus agg.', 'Symphytum x uplandicum']",51.970577082507,0.443830925158359,567969,233054,"TL 67969 33054",11,3,51.970577082507,0.443830925158359,567969,233054,"TL 67969 33054",11,3,51.970577082507,0.443830925158359,567969,233054,"TL 67969 33054",11,3
35,2022-06-25,6,"TL6799933054","P6250013","P6250014",4,90,"['Geranium robertianum', 'Carex pendula', 'Rubus fruticosus agg.', 'Mercurialis perennis', 'Geum urbanum', 'Urtica dioica', 'Bromopsis ramosa', 'Silene dioica', 'Myosotis arvensis', 'Poa trivialis', 'Salix cinerea', 'Galium aparine']",51.9705680235033,0.444267224244369,567999,233054,"TL 67999 33054",12,3,51.9705680235033,0.444267224244369,567999,233054,"TL 67999 33054",12,3,51.9705680235033,0.444267224244369,567999,233054,"TL 67999 33054",12,3
35,2021-06-20,6,"TL6798933058","P6200011","P6200012",5,65,"['']",51.9705680235033,0.444267224244369,567999,233054,"TL 67999 33054",12,3,51.9705680235033,0.444267224244369,567999,233054,"TL 67999 33054",12,3,51.9705680235033,0.444267224244369,567999,233054,"TL 67999 33054",12,3
35,2019-06-21,27,"TL6799733054","P6210013","P6210014",3,65,"['Urtica dioica', 'Silene dioica', 'Galium aparine', 'Mercurialis perennis', 'Glechoma hederacea', 'Brachythecium rutabulum', 'Rubus fruticosus agg.', 'Geranium robertianum', 'Kindbergia praelonga', 'Myosotis sylvatica', 'Mnium hornum', 'Schedonorus arundinaceus', 'Poa trivialis', 'Geum urbanum', 'Carex pendula', 'Angelica sylvestris', 'Rubus caesius']",51.9705680235033,0.444267224244369,567999,233054,"TL 67999 33054",12,3,51.9705680235033,0.444267224244369,567999,233054,"TL 67999 33054",12,3,51.9705680235033,0.444267224244369,567999,233054,"TL 67999 33054",12,3
35,2020-06-19,9,"TL6799733064","P6190017","P6190018",3,60,"['Rubus caesius', 'Urtica dioica', 'Silene dioica', 'Epilobium hirsutum', 'Myosotis sylvatica', 'Rubus fruticosus agg.', 'Galium aparine', 'Mercurialis perennis', 'Salix cinerea subsp. cinerea', 'Heracleum sphondylium', 'Brachythecium rutabulum', 'Plagiomnium undulatum', 'Kindbergia praelonga', 'Stachys sylvatica', 'Geranium robertianum', 'Adoxa moschatellina', 'Glechoma hederacea']",51.9705680235033,0.444267224244369,567999,233054,"TL 67999 33054",12,3,51.9705680235033,0.444267224244369,567999,233054,"TL 67999 33054",12,3,51.9705680235033,0.444267224244369,567999,233054,"TL 67999 33054",12,3
36,2022-06-25,27,"TL6778933205","P6250055","P6250056",1,95,"['Urtica dioica', 'Mercurialis perennis', 'Galium aparine', 'Silene dioica', 'Myosotis sylvatica', 'Poa trivialis', 'Sambucus nigra']",51.9719787883204,0.441286379188682,567789,233204,"TL 67789 33204",5,8,51.9719787883204,0.441286379188682,567789,233204,"TL 67789 33204",5,8,51.9719787883204,0.441286379188682,567789,233204,"TL 67789 33204",5,8
36,2020-06-20,11,"TL6779233209","P6200023","P6200024",1,90,"['Urtica dioica', 'Mercurialis perennis', 'Glechoma hederacea', 'Galium aparine', 'Brachythecium rutabulum', 'Sambucus nigra', 'Silene dioica']",51.9719787883204,0.441286379188682,567789,233204,"TL 67789 33204",5,8,51.9719787883204,0.441286379188682,567789,233204,"TL 67789 33204",5,8,51.9719787883204,0.441286379188682,567789,233204,"TL 67789 33204",5,8
36,2021-06-20,21,"TL6778833206","P6200041","P6200042",1,65,"['Urtica dioica', 'Glechoma hederacea', 'Mercurialis perennis', 'Sambucus nigra', 'Galium aparine', 'Brachythecium rutabulum']",51.9719787883204,0.441286379188682,567789,233204,"TL 67789 33204",5,8,51.9719787883204,0.441286379188682,567789,233204,"TL 67789 33204",5,8,51.9719787883204,0.441286379188682,567789,233204,"TL 67789 33204",5,8
36,2019-06-20,9,"TL6779133211","P6200017","P6200018",1,85,"['Galium aparine', 'Urtica dioica', 'Glechoma hederacea', 'Mercurialis perennis', 'Kindbergia praelonga', 'Brachythecium rutabulum']",51.9719787883204,0.441286379188682,567789,233204,"TL 67789 33204",5,8,51.9719787883204,0.441286379188682,567789,233204,"TL 67789 33204",5,8,51.9719787883204,0.441286379188682,567789,233204,"TL 67789 33204",5,8
37,2019-06-20,8,"TL6781933210","P6200015","P6200016",1,50,"['Urtica dioica', 'Galium aparine', 'Cirsium arvense', 'Ulmus procera', 'Silene dioica', 'Poa trivialis', 'Plantago major']",51.9719697385725,0.441722692715185,567819,233204,"TL 67819 33204",6,8,51.9719697385725,0.441722692715185,567819,233204,"TL 67819 33204",6,8,51.9719697385725,0.441722692715185,567819,233204,"TL 67819 33204",6,8
37,2020-06-20,35,"TL6781433215","P6200075","P6200076",1,0,"['Ulmus procera', 'Anisantha sterilis', 'Galium aparine', 'Mercurialis perennis', 'Urtica dioica', 'Rumex sanguineus', 'Carduus crispus', 'Rumex obtusifolius', 'Poa trivialis', 'Cirsium vulgare']",51.9719697385725,0.441722692715185,567819,233204,"TL 67819 33204",6,8,51.9719697385725,0.441722692715185,567819,233204,"TL 67819 33204",6,8,51.9719697385725,0.441722692715185,567819,233204,"TL 67819 33204",6,8
37,2021-06-20,18,"TL6782033205","P6200035","P6200036",1,95,"['Urtica dioica', 'Mercurialis perennis', 'Galium aparine', 'Silene dioica', 'Cirsium vulgare', 'Glechoma hederacea', 'Poa trivialis', 'Ulmus procera']",51.9719697385725,0.441722692715185,567819,233204,"TL 67819 33204",6,8,51.9719697385725,0.441722692715185,567819,233204,"TL 67819 33204",6,8,51.9719697385725,0.441722692715185,567819,233204,"TL 67819 33204",6,8
37,2022-06-25,26,"TL6782033205","P6250053","P6250054",1,95,"['Urtica dioica', 'Glechoma hederacea', 'Galium aparine', 'Myosotis sylvatica', 'Ulmus procera agg.', 'Acer campestre', 'Poa trivialis', 'Silene dioica']",51.9719697385725,0.441722692715185,567819,233204,"TL 67819 33204",6,8,51.9719697385725,0.441722692715185,567819,233204,"TL 67819 33204",6,8,51.9719697385725,0.441722692715185,567819,233204,"TL 67819 33204",6,8
38,2020-06-21,3,"TL6773033205","P6210005","P6210006",1,90,"['Mercurialis perennis', 'Poa trivialis', 'Galium aparine', 'Ulmus procera', 'Tilia x europaea', 'Myosotis sylvatica', 'Fissidens taxifolius var. taxifolius']",51.9719968829701,0.440413751446708,567729,233204,"TL 67729 33204",3,8,51.9719968829701,0.440413751446708,567729,233204,"TL 67729 33204",3,8,51.9719968829701,0.440413751446708,567729,233204,"TL 67729 33204",3,8
38,2019-06-20,11,"TL67773433205","P6200021","P6200022",1,90,"['Urtica dioica', 'Galium aparine', 'Tilia cordata', 'Mercurialis perennis', 'Salix sp.', 'Stachys sylvatica', 'Glechoma hederacea', 'Brachythecium rutabulum']",51.9719968829701,0.440413751446708,567729,233204,"TL 67729 33204",3,8,51.9719968829701,0.440413751446708,567729,233204,"TL 67729 33204",3,8,51.9719968829701,0.440413751446708,567729,233204,"TL 67729 33204",3,8
38,2022-06-26,42,"TL6772933203","P6260086","P6260087",1,25,"['Mercurialis perennis', 'Urtica dioica', 'Glechoma hederacea', 'Fagus sylvatica', 'Acer campestre']",51.9719968829701,0.440413751446708,567729,233204,"TL 67729 33204",3,8,51.9719968829701,0.440413751446708,567729,233204,"TL 67729 33204",3,8,51.9719968829701,0.440413751446708,567729,233204,"TL 67729 33204",3,8
38,2021-06-21,3,"TL6773033201","P6210061","P6210062",1,85,"['Mercurialis perennis', 'Galium aparine', 'Poa trivialis', 'Tilia europaea', 'Urtica dioica', 'Fraxinus excelsior', 'Ulmus procera']",51.9719968829701,0.440413751446708,567729,233204,"TL 67729 33204",3,8,51.9719968829701,0.440413751446708,567729,233204,"TL 67729 33204",3,8,51.9719968829701,0.440413751446708,567729,233204,"TL 67729 33204",3,8
39,2022-06-26,33,"TL6776033204","P6260068","P6260069",2,90,"['Mercurialis perennis', 'Myosotis sylvatica', 'Urtica dioica', 'Galium aparine', 'Glechoma hederacea', 'Ulmus procera agg.', 'Silene dioica', 'Poa trivialis', 'Adoxa moschatellina']",51.9719878364529,0.440850065432511,567759,233204,"TL 67759 33204",4,8,51.9719878364529,0.440850065432511,567759,233204,"TL 67759 33204",4,8,51.9719878364529,0.440850065432511,567759,233204,"TL 67759 33204",4,8
39,2019-06-20,10,"TL6775733202","P6200019","P6200020",1,95,"['Urtica dioica', 'Silene dioica', 'Poa trivialis', 'Mercurialis perennis', 'Galium aparine', 'Myosotis sylvatica', 'Brachythecium rutabulum', 'Adoxa moschatellina']",51.9719878364529,0.440850065432511,567759,233204,"TL 67759 33204",4,8,51.9719878364529,0.440850065432511,567759,233204,"TL 67759 33204",4,8,51.9719878364529,0.440850065432511,567759,233204,"TL 67759 33204",4,8
39,2020-06-20,12,"TL6776033210","P6200025","P6200026",2,55,"['Urtica dioica', 'Galium aparine', 'Silene dioica', 'Tilia cordata', 'Glechoma hederacea', 'Mercurialis perennis', 'Adoxa moschatellina', 'Myosotis sylvatica', 'Poa trivialis']",51.9719878364529,0.440850065432511,567759,233204,"TL 67759 33204",4,8,51.9719878364529,0.440850065432511,567759,233204,"TL 67759 33204",4,8,51.9719878364529,0.440850065432511,567759,233204,"TL 67759 33204",4,8
39,2021-06-20,28,"TL6775933203","P6200055","P6200056",1,90,"['Silene dioica', 'Glechoma hederacea', 'Mercurialis perennis', 'Urtica dioica', 'Salix alba', 'Myosotis sylvatica', 'Kindbergia praelonga', 'Brachythecium rutabulum']",51.9719878364529,0.440850065432511,567759,233204,"TL 67759 33204",4,8,51.9719878364529,0.440850065432511,567759,233204,"TL 67759 33204",4,8,51.9719878364529,0.440850065432511,567759,233204,"TL 67759 33204",4,8
41,2022-06-25,12,"TL6790733085","P6250025","P6250026",2,50,"['Epilobium hirsutum', 'Urtica dioica', 'Poa trivialis', 'Solanum dulcamara', 'Cardamine flexuosa', 'Mercurialis perennis', 'Glechoma hederacea', 'Myosotis sylvatica', 'Silene dioica', 'Rumex sanguineus', 'Crataegus monogyna', 'Tilia x europaea', 'Adoxa moschatellina']",51.9708646724929,0.442972986960978,567909,233084,"TL 67909 33084",9,4,51.9708646724929,0.442972986960978,567909,233084,"TL 67909 33084",9,4,51.9708646724929,0.442972986960978,567909,233084,"TL 67909 33084",9,4
41,2021-06-21,11,"TL6790833082","P6210075","P6210076",3.5,10,"['Urtica dioica', 'Silene dioica', 'Sambucus nigra', 'Galium aparine', 'Solanum dulcamara', 'Poa trivialis', 'Euonymus europaeus', 'Myosotis sylvatica', 'Mercurialis perennis']",51.9708646724929,0.442972986960978,567909,233084,"TL 67909 33084",9,4,51.9708646724929,0.442972986960978,567909,233084,"TL 67909 33084",9,4,51.9708646724929,0.442972986960978,567909,233084,"TL 67909 33084",9,4
41,2020-06-20,30,"TL6791033089","P6200065","P6200066",2,80,"['Urtica dioica', 'Myosotis sylvatica', 'Silene dioica', 'Sambucus nigra', 'Ranunculus repens', 'Crataegus monogyna', 'Mercurialis perennis', 'Ulmus procera', 'Poa trivialis', 'Rumex sanguineus', 'Glechoma hederacea', 'Adoxa moschatellina', 'Carex pendula']",51.9708646724929,0.442972986960978,567909,233084,"TL 67909 33084",9,4,51.9708646724929,0.442972986960978,567909,233084,"TL 67909 33084",9,4,51.9708646724929,0.442972986960978,567909,233084,"TL 67909 33084",9,4
41,2019-06-21,36,"TL6791033090","P6210031","P6210032",3,2,"['Urtica dioica', 'Carex pendula', 'Solanum dulcamara', 'Carduus crispus', 'Rumex sanguineus', 'Silene dioica', 'Myosotis sylvatica', 'Mnium hornum', 'Poa trivialis', 'Mentha aquatica', 'Cornus sanguinea', 'Mercurialis perennis', 'Kindbergia praelonga', 'Crataegus monogyna']",51.9708646724929,0.442972986960978,567909,233084,"TL 67909 33084",9,4,51.9708646724929,0.442972986960978,567909,233084,"TL 67909 33084",9,4,51.9708646724929,0.442972986960978,567909,233084,"TL 67909 33084",9,4
42,2022-06-25,11,"TL6793733090","P6250023","P6250024",4,35,"['Veronica beccabunga', 'Mentha aquatica', 'Scrophularia auriculata', 'Nasturtium officinale']",51.9708556166325,0.44340928911898,567939,233084,"TL 67939 33084",10,4,51.9708556166325,0.44340928911898,567939,233084,"TL 67939 33084",10,4,51.9708556166325,0.44340928911898,567939,233084,"TL 67939 33084",10,4
42,2019-06-21,32,"TL6793633088","P6210023","P6210024",5,85,"['Apium nodiflorum', 'Solanum dulcamara', 'Urtica dioica', 'Sambucus nigra', 'Poa trivialis']",51.9708556166325,0.44340928911898,567939,233084,"TL 67939 33084",10,4,51.9708556166325,0.44340928911898,567939,233084,"TL 67939 33084",10,4,51.9708556166325,0.44340928911898,567939,233084,"TL 67939 33084",10,4
42,2020-06-20,1,"TL0793733099","P6200002","P6200003",5,65,"['']",51.9708556166325,0.44340928911898,567939,233084,"TL 67939 33084",10,4,51.9708556166325,0.44340928911898,567939,233084,"TL 67939 33084",10,4,51.9708556166325,0.44340928911898,567939,233084,"TL 67939 33084",10,4
42,2021-06-20,9,"TL6793733095","P6200017","P6200018",5,90,"['Urtica dioica', 'Mercurialis perennis', 'Angelica sylvestris', 'Solanum dulcamara', 'Nasturtium officinale']",51.9708556166325,0.44340928911898,567939,233084,"TL 67939 33084",10,4,51.9708556166325,0.44340928911898,567939,233084,"TL 67939 33084",10,4,51.9708556166325,0.44340928911898,567939,233084,"TL 67939 33084",10,4
44,2021-06-21,16,"TL6784833083","P6210085","P6210086",1,75,"['Carex pendula', 'Urtica dioica', 'Galium aparine', 'Silene dioica', 'Mercurialis perennis', 'Ulmus procera', 'Glechoma hederacea']",51.9708827793678,0.442100381955569,567849,233084,"TL 67849 33084",7,4,51.9708827793678,0.442100381955569,567849,233084,"TL 67849 33084",7,4,51.9708827793678,0.442100381955569,567849,233084,"TL 67849 33084",7,4
44,2020-06-20,31,"TL6784733090","P6200067","P6200068",2,30,"['Urtica dioica', 'Galium aparine', 'Silene dioica', 'Mercurialis perennis', 'Rubus fruticosus agg.', 'Carex pendula', 'Ulmus procera']",51.9708827793678,0.442100381955569,567849,233084,"TL 67849 33084",7,4,51.9708827793678,0.442100381955569,567849,233084,"TL 67849 33084",7,4,51.9708827793678,0.442100381955569,567849,233084,"TL 67849 33084",7,4
44,2019-06-21,44,"TL6784733086","P6210047","P6210048",1,2,"['Mercurialis perennis', 'Carex pendula', 'Urtica dioica', 'Epilobium hirsutum', 'Silene dioica', 'Carduus crispus', 'Acer campestre', 'Rubus fruticosus agg.', 'Galium aparine', 'Sambucus nigra', 'Kindbergia praelonga', 'Ulmus procera', 'Glechoma hederacea']",51.9708827793678,0.442100381955569,567849,233084,"TL 67849 33084",7,4,51.9708827793678,0.442100381955569,567849,233084,"TL 67849 33084",7,4,51.9708827793678,0.442100381955569,567849,233084,"TL 67849 33084",7,4
44,2022-06-26,47,"TL6784933085","P6260096","P6260097",1,90,"['Urtica dioica', 'Glechoma hederacea', 'Galium aparine', 'Mercurialis perennis', 'Crataegus monogyna', 'Silene dioica', 'Sambucus nigra', 'Poa trivialis']",51.9708827793678,0.442100381955569,567849,233084,"TL 67849 33084",7,4,51.9708827793678,0.442100381955569,567849,233084,"TL 67849 33084",7,4,51.9708827793678,0.442100381955569,567849,233084,"TL 67849 33084",7,4
45,2022-06-26,40,"TL6769933235","P6260082","P6260083",2,75,"['Urtica dioica', 'Mercurialis perennis', 'Galium aparine', 'Sambucus nigra', 'Glechoma hederacea']",51.9722754052296,0.439992080757396,567699,233234,"TL 67699 33234",2,9,51.9722754052296,0.439992080757396,567699,233234,"TL 67699 33234",2,9,51.9722754052296,0.439992080757396,567699,233234,"TL 67699 33234",2,9
45,2019-06-20,5,"TL6769433238","P6200009","P6200010",1,95,"['Urtica dioica', 'Glechoma hederacea', 'Mercurialis perennis', 'Galium aparine', 'Brachythecium rutabulum', 'Sambucus nigra', 'Hedera helix', 'Adoxa moschatellina', 'Silene dioica', 'Alnus cordata', 'Anthriscus sylvestris']",51.9722754052296,0.439992080757396,567699,233234,"TL 67699 33234",2,9,51.9722754052296,0.439992080757396,567699,233234,"TL 67699 33234",2,9,51.9722754052296,0.439992080757396,567699,233234,"TL 67699 33234",2,9
45,2021-06-21,1,"TL6770133235","P6210057","P6210058",3,55,"['Urtica dioica', 'Mercurialis perennis', 'Galium aparine', 'Tammus communis', 'Mentha aquatica', 'Glechoma hederacea', 'Carduus crispus', 'Sambucus nigra']",51.9722754052296,0.439992080757396,567699,233234,"TL 67699 33234",2,9,51.9722754052296,0.439992080757396,567699,233234,"TL 67699 33234",2,9,51.9722754052296,0.439992080757396,567699,233234,"TL 67699 33234",2,9
45,2020-06-20,20,"TL6770133240","P6200044","P6200045",1,85,"['Mercurialis perennis', 'Glechoma hederacea', 'Stachys sylvatica', 'Galium aparine', 'Silene dioica', 'Mentha aquatica', 'Anthriscus sylvestris', 'Geum urbanum', 'Rumex sanguineus', 'Solanum dulcamara', 'Ranunculus repens', 'Poa trivialis', 'Sambucus nigra']",51.9722754052296,0.439992080757396,567699,233234,"TL 67699 33234",2,9,51.9722754052296,0.439992080757396,567699,233234,"TL 67699 33234",2,9,51.9722754052296,0.439992080757396,567699,233234,"TL 67699 33234",2,9
46,2021-06-21,14,"TL6787533090","P6210081","P6210082",2,55,"['Urtica dioica', 'Galium aparine', 'Glechoma hederacea', 'Stachys sylvatica', 'Poa trivialis', 'Myosotis sylvatica', 'Fraxinus excelsior', 'Angelica sylvestris']",51.970873726738,0.442536684573161,567879,233084,"TL 67879 33084",8,4,51.970873726738,0.442536684573161,567879,233084,"TL 67879 33084",8,4,51.970873726738,0.442536684573161,567879,233084,"TL 67879 33084",8,4
46,2019-06-21,38,"TL6787933087","P6210035","P6210036",1,55,"['Silene dioica', 'Galium aparine', 'Stachys sylvatica', 'Angelica sylvestris', 'Urtica dioica', 'Poa trivialis', 'Glechoma hederacea', 'Ranunculus repens', 'Filipendula ulmaria', 'Cirsium palustre', 'Rubus caesius', 'Myosotis sylvatica', 'Brachythecium rutabulum']",51.970873726738,0.442536684573161,567879,233084,"TL 67879 33084",8,4,51.970873726738,0.442536684573161,567879,233084,"TL 67879 33084",8,4,51.970873726738,0.442536684573161,567879,233084,"TL 67879 33084",8,4
46,2022-06-26,45,"TL6787933083","P6260092","P6260093",2,45,"['Galium aparine', 'Poa trivialis', 'Rubus caesius', 'Mercurialis perennis', 'Stachys sylvatica', 'Silene dioica', 'Glechoma hederacea', 'Myosotis sylvatica', 'Angelica sylvestris']",51.970873726738,0.442536684573161,567879,233084,"TL 67879 33084",8,4,51.970873726738,0.442536684573161,567879,233084,"TL 67879 33084",8,4,51.970873726738,0.442536684573161,567879,233084,"TL 67879 33084",8,4
46,2020-06-20,29,"TL6787733087","P6200063","P6200064",2,75,"['Urtica dioica', 'Galium aparine', 'Glechoma hederacea', 'Mercurialis perennis', 'Silene dioica', 'Poa trivialis', 'Sambucus nigra', 'Tilia cordata', 'Brachythecium rutabulum']",51.970873726738,0.442536684573161,567879,233084,"TL 67879 33084",8,4,51.970873726738,0.442536684573161,567879,233084,"TL 67879 33084",8,4,51.970873726738,0.442536684573161,567879,233084,"TL 67879 33084",8,4
47,2022-06-24,3,"TL6802833084","P6240005","P6240006",1,60,"['Angelica sylvestris', 'Urtica dioica', 'Galium aparine', 'Glechoma hederacea', 'Mercurialis perennis', 'Sambucus nigra', 'Poa trivialis', 'Solanum dulcamara', 'Silene dioica', 'Myosotis arvensis', 'Ulmus procera']",51.9708284393598,0.444718194213691,568029,233084,"TL 68029 33084",13,4,51.9708284393598,0.444718194213691,568029,233084,"TL 68029 33084",13,4,51.9708284393598,0.444718194213691,568029,233084,"TL 68029 33084",13,4
47,2019-06-21,25,"TL6822833091","P6210009","P6210010",1,45,"['Urtica dioica', 'Galium aparine', 'Mercurialis perennis', 'Glechoma hederacea', 'Holcus lanatus', 'Ranunculus repens', 'Lamium album']",51.9708284393598,0.444718194213691,568029,233084,"TL 68029 33084",13,4,51.9708284393598,0.444718194213691,568029,233084,"TL 68029 33084",13,4,51.9708284393598,0.444718194213691,568029,233084,"TL 68029 33084",13,4
47,2021-06-20,4,"TL6802433086","P6200007","P6200008",2,55,"['Galium aparine', 'Urtica dioica', 'Silene dioica', 'Angelica sylvestris', 'Glechoma hederacea', 'Myosotis arvensis', 'Adoxa moschatellina', 'Ulmus procera', 'Mercurialis perennis']",51.9708284393598,0.444718194213691,568029,233084,"TL 68029 33084",13,4,51.9708284393598,0.444718194213691,568029,233084,"TL 68029 33084",13,4,51.9708284393598,0.444718194213691,568029,233084,"TL 68029 33084",13,4
47,2020-06-19,3,"TL6803333085","P6190005","P6190006",1,85,"['Glechoma hederacea', 'Mercurialis perennis', 'Galium aparine', 'Urtica dioica', 'Sambucus nigra', 'Crataegus monogyna', 'Silene dioica', 'Tammus communis', 'Kindbergia praelonga', 'Brachythecium rutabulum']",51.9708284393598,0.444718194213691,568029,233084,"TL 68029 33084",13,4,51.9708284393598,0.444718194213691,568029,233084,"TL 68029 33084",13,4,51.9708284393598,0.444718194213691,568029,233084,"TL 68029 33084",13,4
49,2021-06-20,7,"TL6797233094","P6200013","P6200014",1,90,"['Urtica dioica', 'Glechoma hederacea', 'Silene dioica', 'Galium aparine', 'Angelica sylvestris', 'Alliaria petiolata', 'Anthriscus sylvestris', 'Sambucus nigra', 'Poa trivialis?', 'Myosotis sylvatica', 'Stachys sylvatica']",51.9708465591569,0.443845591047127,567969,233084,"TL 67969 33084",11,4,51.9708465591569,0.443845591047127,567969,233084,"TL 67969 33084",11,4,51.9708465591569,0.443845591047127,567969,233084,"TL 67969 33084",11,4
49,2019-06-21,28,"TL6797333081","P6210015","P6210016",1,10,"['Glechoma hederacea', 'Galium aparine', 'Mercurialis perennis', 'Symphytum x uplandicum', 'Arrhenatherum elatius', 'Dactylis glomerata', 'Holcus lanatus', 'Angelica sylvestris', 'Stachys sylvatica', 'Sambucus nigra', 'Anthriscus sylvestris', 'Poa trivialis', 'Bromopsis ramosa', 'Brachythecium rutabulum', 'Adoxa moschatellina', 'Kindbergia praelonga']",51.9708465591569,0.443845591047127,567969,233084,"TL 67969 33084",11,4,51.9708465591569,0.443845591047127,567969,233084,"TL 67969 33084",11,4,51.9708465591569,0.443845591047127,567969,233084,"TL 67969 33084",11,4
49,2020-06-19,1,"TL6796933091","P6190001","P6190002",2,95,"['Urtica dioica', 'Galium aparine', 'Adoxa moschatellina', 'Silene dioica', 'Glechoma hederacea', 'Heracleum sphondylium', 'Symphytum x uplandicum', 'Angelica sylvestris', 'Brachythecium rutabulum', 'Circaea lutetiana', 'Hedera helix', 'Sambucus nigra', 'Tilia cordata', 'Poa trivialis', 'Viola odorata']",51.9708465591569,0.443845591047127,567969,233084,"TL 67969 33084",11,4,51.9708465591569,0.443845591047127,567969,233084,"TL 67969 33084",11,4,51.9708465591569,0.443845591047127,567969,233084,"TL 67969 33084",11,4
49,2022-06-24,1,"TL6796833089","P6240001","P6240002",3,80,"['Veronica beccabunga', 'Glechoma hederacea', 'Sambucus nigra', 'Urtica dioica', 'Galium aparine', 'Poa trivialis', 'Rorippa nasturtium-aquaticum', 'Alliaria petiolata', 'Circaea lutetiana', 'Adoxa moschatellina', 'Populus x canadensis', 'Carex sp', 'Anthriscus sylvestris', 'Silene dioica', 'Arum maculatum']",51.9708465591569,0.443845591047127,567969,233084,"TL 67969 33084",11,4,51.9708465591569,0.443845591047127,567969,233084,"TL 67969 33084",11,4,51.9708465591569,0.443845591047127,567969,233084,"TL 67969 33084",11,4
50,2020-06-19,2,"TL6800633080","P6190003","P6190004",2,15,"['Angelica sylvestris', 'Circaea lutetiana', 'Sambucus nigra', 'Galium aparine', 'Glechoma hederacea', 'Carduus crispus', 'Urtica dioica', 'Silene dioica', 'Myosotis sylvatica', 'Rubus caesius', 'Arrhenatherum elatius', 'Tammus communis', 'Mercurialis perennis', 'Geranium robertianum', 'Heracleum sphondylium', 'Rubus fruticosus agg.', 'Stachys sylvatica', 'Scrophularia auriculata', 'Symphytum x uplandicum', 'Populus x canadensis']",51.970837500066,0.444281892745378,567999,233084,"TL 67999 33084",12,4,51.970837500066,0.444281892745378,567999,233084,"TL 67999 33084",12,4,51.970837500066,0.444281892745378,567999,233084,"TL 67999 33084",12,4
50,2022-06-24,2,"TL6799833084","P6240003","P6240004",1,50,"['Angelica sylvestris', 'Circaea lutetiana', 'Glechoma hederacea', 'Geranium robertianum', 'Carduus crispus', 'Mercurialis perennis', 'Galium aparine', 'Rubus fruticosus agg', 'Sambucus nigra', 'Scrophularia auriculata', 'Silene dioica', 'Bromopsis ramosa', 'Urtica dioica', 'Stachys sylvatica', 'Sambucus nigra']",51.970837500066,0.444281892745378,567999,233084,"TL 67999 33084",12,4,51.970837500066,0.444281892745378,567999,233084,"TL 67999 33084",12,4,51.970837500066,0.444281892745378,567999,233084,"TL 67999 33084",12,4
50,2021-06-20,5,"TL6800533085","P6200009","P6200010",2,40,"['Carduus crispus', 'Symphytum x uplandicum', 'Arrhenatherum elatius', 'Geranium robertianum', 'Galium aparine', 'Heracleum sphondylium', 'Rubus caesius', 'Stachys sylvatica', 'Angelica sylvestris', 'Urtica dioica', 'Fraxinus excelsior', 'Mercurialis perennis', 'Myosotis sylvatica', 'Circaea lutetiana']",51.970837500066,0.444281892745378,567999,233084,"TL 67999 33084",12,4,51.970837500066,0.444281892745378,567999,233084,"TL 67999 33084",12,4,51.970837500066,0.444281892745378,567999,233084,"TL 67999 33084",12,4
50,2019-06-21,26,"TL6799933086","P6210011","P6210012",1,75,"['Mercurialis perennis', 'Tammus communis', 'Stachys sylvatica', 'Glechoma hederacea', 'Geum urbanum', 'Silene dioica', 'Galium aparine', 'Brachypodium sylvaticum', 'Ranunculus repens', 'Myosotis sylvatica', 'Poa trivialis', 'Brachythecium rutabulum', 'Holcus lanatus', 'Sambucus nigra', 'Cirsium palustre', 'Symphytum x uplandicum']",51.970837500066,0.444281892745378,567999,233084,"TL 67999 33084",12,4,51.970837500066,0.444281892745378,567999,233084,"TL 67999 33084",12,4,51.970837500066,0.444281892745378,567999,233084,"TL 67999 33084",12,4
51,2020-06-21,1,"TL6773233235","P6210001","P6210002",2,25,"['Mentha aquatica', 'Holcus lanatus', 'Glechoma hederacea', 'Urtica dioica', 'Galium aparine', 'Myosotis sylvatica', 'Silene dioica', 'Angelica sylvestris', 'Arrhenatherum elatius', 'Rumex sanguineus', 'Ranunculus repens', 'Bromopsis ramosa', 'Stachys sylvatica', 'Populus alba', 'Rubus fruticosus agg.', 'Plagiomnium undulatum']",51.9722663602407,0.440428397585276,567729,233234,"TL 67729 33234",3,9,51.9722663602407,0.440428397585276,567729,233234,"TL 67729 33234",3,9,51.9722663602407,0.440428397585276,567729,233234,"TL 67729 33234",3,9
51,2021-06-20,23,"TL6772833234","P6200045","P6200046",4,5,"['Angelica sylvestris', 'Carduus crispus', 'Myosotis sylvatica', 'Galium aparine', 'Urtica dioica', 'Rumex obtusifolius', 'Rumex sanguineus', 'Silene dioica', 'Stachys sylvatica', 'Ranunculus repens', 'Mentha aquatica', 'Mercurialis perennis', 'Holcus lanatus']",51.9722663602407,0.440428397585276,567729,233234,"TL 67729 33234",3,9,51.9722663602407,0.440428397585276,567729,233234,"TL 67729 33234",3,9,51.9722663602407,0.440428397585276,567729,233234,"TL 67729 33234",3,9
51,2019-06-20,6,"TL6773633238","P6200011","P6200012",1,75,"['Urtica dioica', 'Galium aparine', 'Glechoma hederacea', 'Brachythecium rutabulum', 'Adoxa moschatellina', 'Mercurialis perennis', 'Silene dioica', 'Sambucus nigra', 'Myosotis sylvatica', 'Populus alba']",51.9722663602407,0.440428397585276,567729,233234,"TL 67729 33234",3,9,51.9722663602407,0.440428397585276,567729,233234,"TL 67729 33234",3,9,51.9722663602407,0.440428397585276,567729,233234,"TL 67729 33234",3,9
51,2022-06-26,35,"TL6773033234","P6260072","P6260073",2,2,"['Silene dioica', 'Angelica sylvestris', 'Urtica dioica', 'Mentha aquatica', 'Carex otrubae', 'Myosotis sylvatica', 'Carduus crispus', 'Galium aparine', 'Rubus fruticosus agg.', 'Sambucus nigra', 'Carex pendula', 'Glechoma hederacea', 'Solanum dulcamara', 'Rumex sanguineus', 'Caltha palustris', 'Adoxa moschatellina', 'Mercurialis perennis', 'Stachys sylvatica', 'Holcus lanatus', 'Poa trivialis']",51.9722663602407,0.440428397585276,567729,233234,"TL 67729 33234",3,9,51.9722663602407,0.440428397585276,567729,233234,"TL 67729 33234",3,9,51.9722663602407,0.440428397585276,567729,233234,"TL 67729 33234",3,9
53,2022-06-26,34,"TL6775933233","P6260070","P6260071",1,85,"['Urtica dioica', 'Glechoma hederacea', 'Sambucus nigra', 'Arum maculatum', 'Silene dioica', 'Populus alba', 'Adoxa moschatellina']",51.9722573136364,0.44086471418356,567759,233234,"TL 67759 33234",4,9,51.9722573136364,0.44086471418356,567759,233234,"TL 67759 33234",4,9,51.9722573136364,0.44086471418356,567759,233234,"TL 67759 33234",4,9
53,2020-06-20,15,"TL6775533246","P6200034","P6200035",1,80,"['Urtica dioica', 'Sambucus nigra', 'Glechoma hederacea', 'Ulmus procera', 'Galium aparine', 'Brachythecium rutabulum']",51.9722573136364,0.44086471418356,567759,233234,"TL 67759 33234",4,9,51.9722573136364,0.44086471418356,567759,233234,"TL 67759 33234",4,9,51.9722573136364,0.44086471418356,567759,233234,"TL 67759 33234",4,9
53,2021-06-20,22,"TL6775933234","P6200043","P6200044",1,98,"['Urtica dioica', 'Adoxa moschatellina', 'Silene dioica', 'Glechoma hederacea', 'Sambucus nigra', 'Acer campestre', 'Galium aparine', 'Populus alba']",51.9722573136364,0.44086471418356,567759,233234,"TL 67759 33234",4,9,51.9722573136364,0.44086471418356,567759,233234,"TL 67759 33234",4,9,51.9722573136364,0.44086471418356,567759,233234,"TL 67759 33234",4,9
53,2019-06-20,7,"TL6776033240","P6200013","P6200014",1,65,"['Urtica dioica', 'Stachys sylvatica', 'Glechoma hederacea', 'Brachythecium rutabulum', 'Anemone nemorosa', 'Sambucus nigra', 'Galium aparine', 'Kindbergia praelonga', 'Populus alba']",51.9722573136364,0.44086471418356,567759,233234,"TL 67759 33234",4,9,51.9722573136364,0.44086471418356,567759,233234,"TL 67759 33234",4,9,51.9722573136364,0.44086471418356,567759,233234,"TL 67759 33234",4,9
54,2021-06-21,20,"TL6781833113","P6210098","P6210099",1,0,"['Rubus fruticosus', 'Urtica dioica', 'Galium aparine', 'Silene dioica', 'Mercurialis perennis', 'Myosotis sylvatica', 'Galium aparine', 'Hypericum perforatum', 'Poa trivialis', 'Glechoma hederacea']",51.9711613074529,0.44167873216543,567819,233114,"TL 67819 33114",6,5,51.9711613074529,0.44167873216543,567819,233114,"TL 67819 33114",6,5,51.9711613074529,0.44167873216543,567819,233114,"TL 67819 33114",6,5
54,2020-06-20,32,"TL6781933121","P6200069","P6200070",2,98,"['Tilia cordata', 'Mercurialis perennis', 'Urtica dioica', 'Galium aparine', 'Poa trivialis', 'Myosotis sylvatica', 'Silene dioica', 'Adoxa moschatellina', 'Heracleum sphondylium', 'Brachythecium rutabulum']",51.9711613074529,0.44167873216543,567819,233114,"TL 67819 33114",6,5,51.9711613074529,0.44167873216543,567819,233114,"TL 67819 33114",6,5,51.9711613074529,0.44167873216543,567819,233114,"TL 67819 33114",6,5
54,2019-06-21,46,"TL6782133106","P6210051","P6210052",1,65,"['Rubus fruticosus agg.', 'Urtica dioica', 'Galium aparine', 'Mercurialis perennis', 'Glechoma hederacea', 'Poa trivialis', 'Arrhenatherum elatius', 'Sambucus nigra', 'Heracleum sphondylium', 'Brachythecium rutabulum']",51.9711613074529,0.44167873216543,567819,233114,"TL 67819 33114",6,5,51.9711613074529,0.44167873216543,567819,233114,"TL 67819 33114",6,5,51.9711613074529,0.44167873216543,567819,233114,"TL 67819 33114",6,5
54,2022-06-26,44,"TL6782323116","P6260090","P6260091",1,5,"['Rubus fruticosus', 'Rosa canina agg.', 'Glechoma hederacea', 'Mercurialis perennis', 'Acer platanoides', 'Urtica dioica', 'Galium aparine']",51.9711613074529,0.44167873216543,567819,233114,"TL 67819 33114",6,5,51.9711613074529,0.44167873216543,567819,233114,"TL 67819 33114",6,5,51.9711613074529,0.44167873216543,567819,233114,"TL 67819 33114",6,5
55,2022-06-25,9,"TL6808933024","P6250019","P6250020",1,0,"['Cirsium arvense', 'Rumex obtusifolius', 'Dactylis glomerata', 'Arrhenatherum elatius', 'Urtica dioica', 'Lolium perenne', 'Sonchus asper', 'Anisantha sterilis', 'Galium aparine', 'Symphytum x uplandicum', 'Ranunculus repens', 'Poa trivialis']",51.9702713604846,0.445561444014994,568089,233024,"TL 68089 33024",15,2,51.9702713604846,0.445561444014994,568089,233024,"TL 68089 33024",15,2,51.9702713604846,0.445561444014994,568089,233024,"TL 68089 33024",15,2
55,2020-06-19,7,"TL6808733032","P6190013","P6190014",4,0,"['Triticum aestivum', 'Sonchus asper', 'Geranium dissectum', 'Bromus hordeaceus', 'Holcus lanatus', 'Poa trivialis', 'Rumex obtusifolius', 'Cirsium palustre', 'Urtica dioica', 'Picris hieracioides', 'Anthriscus sylvestris', 'Plantago major', 'Arrhenatherum elatius', 'Taraxacum officinale agg.', 'Polygonum aviculare', 'Anisantha sterilis', 'Vulpia myuros', 'Alopecurus myosuroides', 'Poa annua', 'Tripleurospermum inodorum', 'Cirsium arvense', 'Salix sp.', 'Heracleum sphondylium', 'Reseda luteola']",51.9702713604846,0.445561444014994,568089,233024,"TL 68089 33024",15,2,51.9702713604846,0.445561444014994,568089,233024,"TL 68089 33024",15,2,51.9702713604846,0.445561444014994,568089,233024,"TL 68089 33024",15,2
55,2021-06-21,4,"TL6808833023","P6200063","P6200064",1,0,"['Rumex obtusifolius', 'Arrhenatherum elatius', 'Holcus lanatus', 'Poa trivialis', 'Urtica dioica', 'Symphytum x uplandicum', 'Jacobaea vulgaris', 'Papaver rhoes', 'Galium aparine', 'Carduus crispus', 'Sonchus asper', 'Potentilla reptans', 'Anthriscus sylvestris', 'Anisantha sterilis', 'Ranunculus repens', 'Stachys sylvatica', 'Bromus commutatus', 'Schedonorus arundinaceus', 'Geranium dissectum', 'Lolium perenne', 'Festuca rubra']",51.9702713604846,0.445561444014994,568089,233024,"TL 68089 33024",15,2,51.9702713604846,0.445561444014994,568089,233024,"TL 68089 33024",15,2,51.9702713604846,0.445561444014994,568089,233024,"TL 68089 33024",15,2
55,2019-06-21,21,"TL6809033033","P6210001","P6210002",1,30,"['Viola arvensis', 'Convolvulus arvensis', 'Triticum aestivum', 'Hordeum distichon', 'Avena sativa', 'Tripleurospermum inodorum', 'Plantago major', 'Holcus lanatus', 'Sonchus arvensis', 'Chenopodium album', 'Ranunculus repens', 'Sisymbrium officinale', 'Bromus hordeaceus', 'Digitalis purpurea', 'Polygonum aviculare', 'Senecio vulgaris', 'Lamium album']",51.9702713604846,0.445561444014994,568089,233024,"TL 68089 33024",15,2,51.9702713604846,0.445561444014994,568089,233024,"TL 68089 33024",15,2,51.9702713604846,0.445561444014994,568089,233024,"TL 68089 33024",15,2
56,2021-06-20,11,"TL6790933115","P6200021","P6200022",2,85,"['Urtica dioica', 'Galium aparine', 'Rubus caesius', 'Galium hederacea', 'Mercurialis perennis', 'Silene dioica', 'Sambucus nigra']",51.9711341493019,0.442987647855064,567909,233114,"TL 67909 33114",9,5,51.9711341493019,0.442987647855064,567909,233114,"TL 67909 33114",9,5,51.9711341493019,0.442987647855064,567909,233114,"TL 67909 33114",9,5
56,2019-06-21,35,"TL6791233118","P6210029","P6210030",1,75,"['Mercurialis perennis', 'Galium aparine', 'Silene dioica', 'Poa trivialis', 'Brachythecium rutabulum']",51.9711341493019,0.442987647855064,567909,233114,"TL 67909 33114",9,5,51.9711341493019,0.442987647855064,567909,233114,"TL 67909 33114",9,5,51.9711341493019,0.442987647855064,567909,233114,"TL 67909 33114",9,5
56,2022-06-25,19,"TL6791233119","P6250039","P6250040",1,85,"['Mercurialis perennis', 'Urtica dioica', 'Sambucus nigra', 'Glechoma hederacea', 'Crataegus monogyna', 'Populus tremula']",51.9711341493019,0.442987647855064,567909,233114,"TL 67909 33114",9,5,51.9711341493019,0.442987647855064,567909,233114,"TL 67909 33114",9,5,51.9711341493019,0.442987647855064,567909,233114,"TL 67909 33114",9,5
56,2020-06-20,3,"TL6791833117","P6200006","P6200007",2,95,"['Mercurialis perennis', 'Urtica dioica', 'Silene dioica', 'Brachythecium rutabulum', 'Tilia sp.', 'Fraxinus excelsior']",51.9711341493019,0.442987647855064,567909,233114,"TL 67909 33114",9,5,51.9711341493019,0.442987647855064,567909,233114,"TL 67909 33114",9,5,51.9711341493019,0.442987647855064,567909,233114,"TL 67909 33114",9,5
57,2022-06-25,10,"TL6794033114","P6250021","P6250022",1,85,"['Mercurialis perennis', 'Sambucus nigra', 'Urtica dioica']",51.9711250933543,0.443423952625358,567939,233114,"TL 67939 33114",10,5,51.9711250933543,0.443423952625358,567939,233114,"TL 67939 33114",10,5,51.9711250933543,0.443423952625358,567939,233114,"TL 67939 33114",10,5
57,2019-06-21,33,"TL6794233116","P6210025","P6210026",1,90,"['Urtica dioica', 'Mercurialis perennis', 'Sambucus nigra', 'Galium aparine', 'Kindbergia praelonga', 'Brachythecium rutabulum', 'Silene dioica']",51.9711250933543,0.443423952625358,567939,233114,"TL 67939 33114",10,5,51.9711250933543,0.443423952625358,567939,233114,"TL 67939 33114",10,5,51.9711250933543,0.443423952625358,567939,233114,"TL 67939 33114",10,5
57,2020-06-20,2,"TL6794133122","P6200004","P6200005",1,85,"['Corylus avellana', 'Glechoma hederacea', 'Mercurialis perennis', 'Urtica dioica', 'Galium aparine', 'Brachythecium rutabulum', 'Silene dioica', 'Poa trivialis']",51.9711250933543,0.443423952625358,567939,233114,"TL 67939 33114",10,5,51.9711250933543,0.443423952625358,567939,233114,"TL 67939 33114",10,5,51.9711250933543,0.443423952625358,567939,233114,"TL 67939 33114",10,5
57,2021-06-20,10,"TL6794533124","P6200019","P6200020",1,10,"['Dactylis glomerata', 'Anthriscus sylvestris', 'Urtica dioica', 'Arrhenatherum elatius', 'Galium aparine', 'Mercurialis perennis', 'Silene dioica', 'Ranunculus repens', 'Taraxacum officinale']",51.9711250933543,0.443423952625358,567939,233114,"TL 67939 33114",10,5,51.9711250933543,0.443423952625358,567939,233114,"TL 67939 33114",10,5,51.9711250933543,0.443423952625358,567939,233114,"TL 67939 33114",10,5
58,2022-06-26,49,"TL6784933113","P6260098","P6260099",5,0,"['Carex acutiformis', 'Solanum dulcamara', 'Calystegia sepium', 'Mentha aquatica']",51.9711522563512,0.44211503762506,567849,233114,"TL 67849 33114",7,5,51.9711522563512,0.44211503762506,567849,233114,"TL 67849 33114",7,5,51.9711522563512,0.44211503762506,567849,233114,"TL 67849 33114",7,5
58,2021-06-21,15,"TL6784833119","P6210083","P6210084",3,65,"['Carex acutiformis', 'Solanum dulcamara', 'Galium aparine', 'Epilobium hirsutum', 'Rubus fruticosus', 'Myosotis sylvatica', 'Eupatorium cannabinum', 'Calystegia sepium']",51.9711522563512,0.44211503762506,567849,233114,"TL 67849 33114",7,5,51.9711522563512,0.44211503762506,567849,233114,"TL 67849 33114",7,5,51.9711522563512,0.44211503762506,567849,233114,"TL 67849 33114",7,5
58,2019-06-21,45,"TL6784433102","P6210049","P6210050",1,0,"['Carex acutiformis', 'Arrhenatherum elatius', 'Carduus crispus', 'Myosotis sylvatica', 'Silene dioica', 'Galium aparine', 'Calystegia sepium', 'Urtica dioica', 'Glechoma hederacea', 'Angelica sylvestris', 'Mercurialis perennis', 'Bromopsis ramosa']",51.9711522563512,0.44211503762506,567849,233114,"TL 67849 33114",7,5,51.9711522563512,0.44211503762506,567849,233114,"TL 67849 33114",7,5,51.9711522563512,0.44211503762506,567849,233114,"TL 67849 33114",7,5
58,2020-06-20,7,"TL6784433120","P6200014","P6200015",2,65,"['Eupatorium cannabinum', 'Angelica sylvestris', 'Carex acutiformis', 'Galium aparine', 'Urtica dioica', 'Silene dioica', 'Mercurialis perennis', 'Calystegia sepium', 'Rubus fruticosus agg.', 'Carduus crispus', 'Solanum dulcamara', 'Salix cinerea subsp. cinerea']",51.9711522563512,0.44211503762506,567849,233114,"TL 67849 33114",7,5,51.9711522563512,0.44211503762506,567849,233114,"TL 67849 33114",7,5,51.9711522563512,0.44211503762506,567849,233114,"TL 67849 33114",7,5
59,2022-06-25,22,"TL6787833142","P6250045","P6250046",4,0,"['Mentha aquatica', 'Veronica beccabunga', 'Berula erecta', 'Holcus lanatus', 'Carex pendula', 'Carduus crispus', 'Urtica dioica', 'Symphytum x uplandicum', 'Ranunculus repens', 'Glechoma hederacea', 'Agrostis stolonifera', 'Solanum dulcamara']",51.9711432036342,0.442551342854952,567879,233114,"TL 67879 33114",8,5,51.9711432036342,0.442551342854952,567879,233114,"TL 67879 33114",8,5,51.9711432036342,0.442551342854952,567879,233114,"TL 67879 33114",8,5
59,2020-06-20,6,"TL6787533112","P6200012","P6200013",2,15,"['Angelica sylvestris', 'Filipendula ulmaria', 'Stachys sylvatica', 'Eupatorium cannabinum', 'Galium aparine', 'Solanum dulcamara', 'Silene dioica', 'Carex pendula', 'Carduus crispus', 'Bromopsis ramosa', 'Apium nodiflorum', 'Mercurialis perennis', 'Myosotis sylvatica', 'Poa trivialis']",51.9711432036342,0.442551342854952,567879,233114,"TL 67879 33114",8,5,51.9711432036342,0.442551342854952,567879,233114,"TL 67879 33114",8,5,51.9711432036342,0.442551342854952,567879,233114,"TL 67879 33114",8,5
59,2021-06-20,14,"TL6787433120","P6200027","P6200028",3,5,"['Urtica dioica', 'Silene dioica', 'Myosotis sylvatica', 'Sambucus nigra', 'Mercurialis perennis', 'Galium aparine', 'Poa trivialis', 'Brachythecium rutabulum', 'Kindbergia praelonga']",51.9711432036342,0.442551342854952,567879,233114,"TL 67879 33114",8,5,51.9711432036342,0.442551342854952,567879,233114,"TL 67879 33114",8,5,51.9711432036342,0.442551342854952,567879,233114,"TL 67879 33114",8,5
59,2019-06-21,37,"TL6787333120","P6210033","P6210034",1,35,"['Urtica dioica', 'Silene dioica', 'Galium aparine', 'Glechoma hederacea', 'Myosotis sylvatica', 'Mercurialis perennis', 'Ranunculus repens', 'Angelica sylvestris', 'Poa trivialis', 'Kindbergia praelonga', 'Fraxinus excelsior']",51.9711432036342,0.442551342854952,567879,233114,"TL 67879 33114",8,5,51.9711432036342,0.442551342854952,567879,233114,"TL 67879 33114",8,5,51.9711432036342,0.442551342854952,567879,233114,"TL 67879 33114",8,5
60,2020-06-20,25,"TL6790333003","P6200055","P6200056",1,0,"['Holcus lanatus', 'Tripleurospermum inodorum', 'Triticum aestivum', 'Bromus hordeaceus', 'Sonchus asper', 'Urtica dioica', 'Elymus caninus', 'Polypogon viridis', 'Chenopodium album', 'Arrhenatherum elatius', 'Sisymbrium officinale', 'Myosotis arvensis', 'Anisantha sterilis', 'Dactylis glomerata', 'Bryum rubens', 'Encalyptra vulgaris', 'Ephemerum minutissimum']",51.9700562419738,0.442929005657585,567909,232994,"TL 67909 32994",9,1,51.9700562419738,0.442929005657585,567909,232994,"TL 67909 32994",9,1,51.9700562419738,0.442929005657585,567909,232994,"TL 67909 32994",9,1
60,2019-06-21,42,"TL6790732999","P6210043","P6210044",1,0,"['Triticum aestivum', 'Tripleurospermum inodorum', 'Anisantha sterilis']",51.9700562419738,0.442929005657585,567909,232994,"TL 67909 32994",9,1,51.9700562419738,0.442929005657585,567909,232994,"TL 67909 32994",9,1,51.9700562419738,0.442929005657585,567909,232994,"TL 67909 32994",9,1
60,2021-06-21,8,"TL6790932994","P6210071","P6210072",1,0,"['Schedonorus arundinaceus', 'Leucanthemum vulgare', 'Vicia tetrasperma', 'Crataegus monogyna', 'Holcus lanatus', 'Festuca rubra', 'Dactylis glomerata', 'Arrhenatherum elatius', 'Bromus commutatus', 'Agrostis capillaris', 'Geranium dissectum', 'Plantago major', 'Acer campestre', 'Ranunculus repens', 'Sonchus asper', 'Hypochaeris radicata', 'Quercus robur', 'Jacobaea vulgaris', 'Cirsium arvense']",51.9700562419738,0.442929005657585,567909,232994,"TL 67909 32994",9,1,51.9700562419738,0.442929005657585,567909,232994,"TL 67909 32994",9,1,51.9700562419738,0.442929005657585,567909,232994,"TL 67909 32994",9,1
60,2022-06-25,15,"TL6791032994","P6250031","P6250032",1,0,"['Holcus lanatus', 'Schedonorus arundinaceus', 'Cirsium arvense', 'Leucanthemum vulgare', 'Ranunculus repens', 'Rumex sanguineus', 'Jacobaea vulgaris', 'Quercus robur', 'Festuca rubra', 'Ervila tetrasperma', 'Sambucus nigra', 'Dactylis glomerata', 'Erigeron canadensis']",51.9700562419738,0.442929005657585,567909,232994,"TL 67909 32994",9,1,51.9700562419738,0.442929005657585,567909,232994,"TL 67909 32994",9,1,51.9700562419738,0.442929005657585,567909,232994,"TL 67909 32994",9,1
61,2020-06-20,26,"TL6793832992","P6200057","P6200058",1,0,"['Carduus crispus', 'Sonchus asper', 'Poa annua', 'Triticum aestivum', 'Bromus hordeaceus', 'Tripleurospermum inodorum', 'Vulpia myuros', 'Agrostis stolonifera', 'Lactuca serriola', 'Poa trivialis', 'Epilobium sp.', 'Anisantha sterilis', 'Encalyptra vulgaris', 'Ephemerum minutissimum', 'Bryum rubens']",51.9700471863751,0.44336529997896,567939,232994,"TL 67939 32994",10,1,51.9700471863751,0.44336529997896,567939,232994,"TL 67939 32994",10,1,51.9700471863751,0.44336529997896,567939,232994,"TL 67939 32994",10,1
61,2021-06-21,7,"TL6793832995","P6210069","P6210070",1,0,"['Anisantha sterilis', 'Vulpia myosuroides', 'Urtica dioica', 'Cirsium vulgare', 'Carduus crispus', 'Arrhenatherum elatius', 'Holcus lanatus', 'Taraxacum officinale', 'Sonchus asper', 'Geranium dissectum', 'Bromus commutatus', 'Epilobium sp', 'Jacobaea vulgaris', 'Poa trivialis', 'Sisymbrium officinale', 'Galium aparine', 'Matricularia matriculoides']",51.9700471863751,0.44336529997896,567939,232994,"TL 67939 32994",10,1,51.9700471863751,0.44336529997896,567939,232994,"TL 67939 32994",10,1,51.9700471863751,0.44336529997896,567939,232994,"TL 67939 32994",10,1
61,2022-06-25,16,"TL6793932995","P6250033","P6250034",1,0,"['Cirsium arvense', 'Holcus lanatus', 'Poa trivialis', 'Arrhenatherum elatius', 'Urtica dioica', 'Cirsium vulgare', 'Anisantha sterilis', 'Galium aparine', 'Bromus sp']",51.9700471863751,0.44336529997896,567939,232994,"TL 67939 32994",10,1,51.9700471863751,0.44336529997896,567939,232994,"TL 67939 32994",10,1,51.9700471863751,0.44336529997896,567939,232994,"TL 67939 32994",10,1
61,2019-06-21,43,"TL6794133002","P6210045","P6210046",1,0,"['Triticum aestivum', 'Tripleurospermum inodorum', 'Chenopodium album', 'Papaver rhoeas', 'Viola arvensis', 'Veronica persica', 'Poa annua', 'Poa trivialis']",51.9700471863751,0.44336529997896,567939,232994,"TL 67939 32994",10,1,51.9700471863751,0.44336529997896,567939,232994,"TL 67939 32994",10,1,51.9700471863751,0.44336529997896,567939,232994,"TL 67939 32994",10,1
62,2019-06-20,4,"TL6766733264","P6200007","P6200008",1,10,"['Rumex obtusifolius', 'Cirsium arvense', 'Rubus fruticosus agg.', 'Urtica dioica', 'Holcus lanatus', 'Arrhenatherum elatius', 'Mercurialis perennis', 'Glechoma hederacea', 'Veronica chamaedrys', 'Myosotis arvensis', 'Poa pratensis', 'Dactylis glomerata', 'Persicaria maculosa']",51.9725539260327,0.439570404843062,567669,233264,"TL 67669 33264",1,10,51.9725539260327,0.439570404843062,567669,233264,"TL 67669 33264",1,10,51.9725539260327,0.439570404843062,567669,233264,"TL 67669 33264",1,10
62,2022-06-26,39,"TL6766833265","P6260080","P6260081",1,0,"['Rubus fruticosus agg.', 'Urtica dioica', 'Holcus lanatus', 'Rumex obtusifolius', 'Cirsium arvense', 'Glechoma hederacea', 'Mercurialis perennis', 'Dactylis glomerata', 'Sambucus nigra', 'Galium aparine', 'Agrostis capillaris']",51.9725539260327,0.439570404843062,567669,233264,"TL 67669 33264",1,10,51.9725539260327,0.439570404843062,567669,233264,"TL 67669 33264",1,10,51.9725539260327,0.439570404843062,567669,233264,"TL 67669 33264",1,10
62,2021-06-20,26,"TL6766633264","P6200051","P6200052",1,2,"['Rubus fruticosus', 'Galium aparine', 'Urtica dioica', 'Glechoma hederacea', 'Holcus lanatus', 'Arrhenatherum elatius', 'Rumex sanguineus', 'Jacobaea vulgaris', 'Rumex obtusifolius', 'Carduus crispus', 'Poa trivialis']",51.9725539260327,0.439570404843062,567669,233264,"TL 67669 33264",1,10,51.9725539260327,0.439570404843062,567669,233264,"TL 67669 33264",1,10,51.9725539260327,0.439570404843062,567669,233264,"TL 67669 33264",1,10
62,2020-06-20,19,"TL6767133275","P6200042","P6200043",1,0,"['Cirsium vulgare', 'Cirsium palustre', 'Carduus crispus', 'Holcus lanatus', 'Ranunculus repens', 'Glechoma hederacea', 'Cirsium arvense', 'Rumex sanguineus', 'Trifolium repens', 'Epilobium hirsutum', 'Poa trivialis', 'Mercurialis perennis', 'Cerastium fontanum', 'Rubus fruticosus agg.', 'Galium aparine', 'Dactylis glomerata']",51.9725539260327,0.439570404843062,567669,233264,"TL 67669 33264",1,10,51.9725539260327,0.439570404843062,567669,233264,"TL 67669 33264",1,10,51.9725539260327,0.439570404843062,567669,233264,"TL 67669 33264",1,10
63,2019-06-20,1,"TL6769933268","P6200001","P6200002",2,2,"['Filipendula ulmaria', 'Galium aparine', 'Arrhenatherum elatius', 'Poa trivialis', 'Carex acutiformis', 'Carduus crispus', 'Lotus pedunculatus', 'Mentha aquatica', 'Holcus lanatus', 'Geranium molle', 'Cirsium palustre', 'Angelica sylvestris', 'Lathyrus pratensis', 'Juncus inflexus', 'Primula elatior', 'Kindbergia praelonga']",51.972544882572,0.440006724513027,567699,233264,"TL 67699 33264",2,10,51.972544882572,0.440006724513027,567699,233264,"TL 67699 33264",2,10,51.972544882572,0.440006724513027,567699,233264,"TL 67699 33264",2,10
63,2021-06-20,27,"TL6769933264","P6200053","P6200054",1,15,"['Filipendula ulmaria', 'Arrhenatherum elatius', 'Alopecurus pratensis', 'Dactylis glomerata', 'Galium aparine', 'Carex acutiformis', 'Glechoma hederacea', 'Angelica sylvestris', 'Poa trivialis']",51.972544882572,0.440006724513027,567699,233264,"TL 67699 33264",2,10,51.972544882572,0.440006724513027,567699,233264,"TL 67699 33264",2,10,51.972544882572,0.440006724513027,567699,233264,"TL 67699 33264",2,10
63,2022-06-26,37,"TL6769833263","P6260076","P6260077",2,40,"['Holcus lanatus', 'Dactylis glomerata', 'Filipendula ulmaria', 'Galium aparine', 'Mentha aquatica', 'Angelica sylvestris', 'Carex acutiformis', 'Rumex sanguineus', 'Arrhenatherum elatius']",51.972544882572,0.440006724513027,567699,233264,"TL 67699 33264",2,10,51.972544882572,0.440006724513027,567699,233264,"TL 67699 33264",2,10,51.972544882572,0.440006724513027,567699,233264,"TL 67699 33264",2,10
63,2020-06-20,17,"TL6769733268","P6200038","P6200039",2,0,"['Filipendula ulmaria', 'Galium aparine', 'Arrhenatherum elatius', 'Poa trivialis', 'Carex acutiformis', 'Alopecurus pratensis', 'Lotus pedunculatus', 'Lathyrus pratensis', 'Cirsium palustre']",51.972544882572,0.440006724513027,567699,233264,"TL 67699 33264",2,10,51.972544882572,0.440006724513027,567699,233264,"TL 67699 33264",2,10,51.972544882572,0.440006724513027,567699,233264,"TL 67699 33264",2,10
